Documentation automatically generated from Valheim 0.221.6,,
"_eventzone_boss_base", -40120423, "ZNetView, TimedDestruction, EventZone"
"_TerrainCompiler", -367065113, "ZNetView, TerrainComp"
"_ZoneCtrl", 1703108136, "SpawnSystem, ZNetView"
"Abomination", 2095123679, "Humanoid, ZNetView, ZSyncTransform, ZSyncAnimation, MonsterAI, CharacterDrop, VisEquipment, FootStep"
"Abomination_attack1 (Swing attack) (Swing attack)", 1382552281, "ZSyncTransform, ZNetView, ItemDrop"
"Abomination_attack2 (Slam attack) (Slam attack)", 1382552278, "ZSyncTransform, ZNetView, ItemDrop"
"Abomination_attack3 (Stub to the ground) (Stub to the ground)", 1382552279, "ZSyncTransform, ZNetView, ItemDrop"
"Abomination_ragdoll", -1559908641, "ZNetView, Ragdoll"
"Acorn ($item_oakseeds) (Acorns)", -2047937207, "ZNetView, ZSyncTransform, ItemDrop"
"Amber ($item_amber) (Amber)", -1570747403, "ZNetView, ZSyncTransform, ItemDrop"
"AmberPearl ($item_amberpearl) (Amber Pearl)", -1844493069, "ZNetView, ZSyncTransform, ItemDrop"
"ancient_skull", 81702400, "ZNetView, LodFadeInOut, Destructible"
"ancientbarkspear_projectile", -588675353, "Projectile, ZNetView, ZSyncTransform"
"AncientSeed ($item_ancientseed) (Ancient Seed)", -500516295, "ZNetView, ZSyncTransform, ItemDrop"
"aoe_nova", 391153472, "ZNetView, Aoe"
"arbalest_projectile_blackmetal", 1310585661, "Projectile, ZNetView, ZSyncTransform"
"arbalest_projectile_bone", 1463749101, "Projectile, ZNetView, ZSyncTransform"
"arbalest_projectile_carapace", 2053765929, "Projectile, ZNetView, ZSyncTransform"
"arbalest_projectile_charred", -965947298, "Projectile, ZNetView, ZSyncTransform"
"arbalest_projectile_iron", 1477045621, "Projectile, ZNetView, ZSyncTransform"
"ArmorAshlandsMediumChest ($item_chest_medium_ashlands) (Breastplate of Ask)", 1232186885, "ZNetView, ZSyncTransform, ItemDrop"
"ArmorAshlandsMediumlegs ($item_legs_medium_ashlands) (Trousers of Ask)", 2121838973, "ZNetView, ZSyncTransform, ItemDrop"
"ArmorBerserkerChest ($item_chest_berserker) (Patterns of the Bear)", -1016581293, "ZNetView, ZSyncTransform, ItemDrop"
"ArmorBerserkerLegs ($item_legs_berserker) (Loincloth of the Bear)", 542491355, "ZNetView, ZSyncTransform, ItemDrop"
"ArmorBerserkerUndeadChest ($item_chest_berserker_undead) (Vilebone Cage)", -1774732552, "ZNetView, ZSyncTransform, ItemDrop"
"ArmorBerserkerUndeadLegs ($item_legs_berserker_undead) (Vilebone Drapes)", 69446882, "ZNetView, ZSyncTransform, ItemDrop"
"ArmorBronzeChest ($item_chest_bronze) (Bronze Plate Tunic)", -524840022, "ZNetView, ZSyncTransform, ItemDrop"
"ArmorBronzeLegs ($item_legs_bronze) (Bronze Plate Leggings)", -1070975544, "ZNetView, ZSyncTransform, ItemDrop"
"ArmorCarapaceChest ($item_chest_carapace) (Carapace Breastplate)", -1330578868, "ZNetView, ZSyncTransform, ItemDrop"
"ArmorCarapaceLegs ($item_legs_carapace) (Carapace Greaves)", -1276324482, "ZNetView, ZSyncTransform, ItemDrop"
"ArmorDress1 ($item_chest_dress1) (Plain Brown Dress)", 1409301309, "ZNetView, ZSyncTransform, ItemDrop"
"ArmorDress10 ($item_chest_dress10) (Simple Undyed Dress)", 1851887405, "ZNetView, ZSyncTransform, ItemDrop"
"ArmorDress2 ($item_chest_dress2) (Brown Dress with Shawl)", 1409301306, "ZNetView, ZSyncTransform, ItemDrop"
"ArmorDress3 ($item_chest_dress3) (Brown Dress with Beads)", 1409301307, "ZNetView, ZSyncTransform, ItemDrop"
"ArmorDress4 ($item_chest_dress4) (Plain Blue Dress)", 1409301312, "ZNetView, ZSyncTransform, ItemDrop"
"ArmorDress5 ($item_chest_dress5) (Blue Dress with Shawl)", 1409301313, "ZNetView, ZSyncTransform, ItemDrop"
"ArmorDress6 ($item_chest_dress6) (Blue Dress with Beads)", 1409301310, "ZNetView, ZSyncTransform, ItemDrop"
"ArmorDress7 ($item_chest_dress7) (Plain Yellow Dress)", 1409301311, "ZNetView, ZSyncTransform, ItemDrop"
"ArmorDress8 ($item_chest_dress8) (Yellow Dress with Shawl)", 1409301300, "ZNetView, ZSyncTransform, ItemDrop"
"ArmorDress9 ($item_chest_dress9) (Yellow Dress with Beads)", 1409301301, "ZNetView, ZSyncTransform, ItemDrop"
"ArmorFenringChest ($item_chest_fenris) (Fenris Coat)", 349244329, "ZNetView, ZSyncTransform, ItemDrop"
"ArmorFenringLegs ($item_legs_fenris) (Fenris Leggings)", 1068454321, "ZNetView, ZSyncTransform, ItemDrop"
"ArmorFlametalChest ($item_chest_flametal) (Flametal Breastplate)", -2047840346, "ZNetView, ZSyncTransform, ItemDrop"
"ArmorFlametalLegs ($item_legs_flametal) (Flametal Greaves)", 2023116964, "ZNetView, ZSyncTransform, ItemDrop"
"ArmorHarvester1 ($item_chest_harvester1) (Harvest Tunic)", -964905328, "ZNetView, ZSyncTransform, ItemDrop"
"ArmorHarvester2 ($item_chest_harvester2) (Harvest Dress)", -964905331, "ZNetView, ZSyncTransform, ItemDrop"
"ArmorIronChest ($item_chest_iron) (Iron Scale Mail)", -77418440, "ZNetView, ZSyncTransform, ItemDrop"
"ArmorIronLegs ($item_legs_iron) (Iron Greaves)", 855433562, "ZNetView, ZSyncTransform, ItemDrop"
"ArmorLeatherChest ($item_chest_leather) (Leather Tunic)", 1842977441, "ZNetView, ZSyncTransform, ItemDrop"
"ArmorLeatherLegs ($item_legs_leather) (Leather Trousers)", -129361023, "ZNetView, ZSyncTransform, ItemDrop"
"ArmorMageChest ($item_chest_mage) (Eitr-weave Robe)", 916504644, "ZNetView, ZSyncTransform, ItemDrop"
"ArmorMageChest_Ashlands ($item_chest_mage_ashlands) (Robes of Embla)", 1247702357, "ZNetView, ZSyncTransform, ItemDrop"
"ArmorMageLegs ($item_legs_mage) (Eitr-weave Trousers)", -490399162, "ZNetView, ZSyncTransform, ItemDrop"
"ArmorMageLegs_Ashlands ($item_legs_mage_ashlands) (Trousers of Embla)", -1792357735, "ZNetView, ZSyncTransform, ItemDrop"
"ArmorPaddedCuirass ($item_chest_pcuirass) (Padded Cuirass)", -2102914493, "ZNetView, ZSyncTransform, ItemDrop"
"ArmorPaddedGreaves ($item_legs_pgreaves) (Padded Greaves)", -1316976302, "ZNetView, ZSyncTransform, ItemDrop"
"ArmorRagsChest ($item_chest_rags) (Rag Tunic)", -1873790835, "ZNetView, ZSyncTransform, ItemDrop"
"ArmorRagsLegs ($item_legs_rags) (Rag Trousers)", -1807008579, "ZNetView, ZSyncTransform, ItemDrop"
"ArmorRootChest ($item_chest_root) (Root Harnesk)", 973754414, "ZNetView, ZSyncTransform, ItemDrop"
"ArmorRootLegs ($item_legs_root) (Root Leggings)", 1839036508, "ZNetView, ZSyncTransform, ItemDrop"
"ArmorStand", 1580161127, "Piece, ZNetView, WearNTear, ArmorStand"
"ArmorStand_Female", 826840908, "Piece, ZNetView, WearNTear, ArmorStand"
"ArmorStand_Male", 639316453, "Piece, ZNetView, WearNTear, ArmorStand"
"ArmorTrollLeatherChest ($item_chest_trollleather) (Troll Leather Tunic)", -1722809642, "ZNetView, ZSyncTransform, ItemDrop"
"ArmorTrollLeatherLegs ($item_legs_trollleather) (Troll Leather Trousers)", -560834156, "ZNetView, ZSyncTransform, ItemDrop"
"ArmorTunic1 ($item_chest_tunic1) (Plain Blue Tunic)", -2092967397, "ZNetView, ZSyncTransform, ItemDrop"
"ArmorTunic10 ($item_chest_tunic10) (Simple Undyed Tunic)", -2054182805, "ZNetView, ZSyncTransform, ItemDrop"
"ArmorTunic2 ($item_chest_tunic2) (Blue Tunic with Cape)", -2092967398, "ZNetView, ZSyncTransform, ItemDrop"
"ArmorTunic3 ($item_chest_tunic3) (Blue Tunic with Beads)", -2092967399, "ZNetView, ZSyncTransform, ItemDrop"
"ArmorTunic4 ($item_chest_tunic4) (Plain Red Tunic)", -2092967400, "ZNetView, ZSyncTransform, ItemDrop"
"ArmorTunic5 ($item_chest_tunic5) (Red Tunic with Cape)", -2092967401, "ZNetView, ZSyncTransform, ItemDrop"
"ArmorTunic6 ($item_chest_tunic6) (Red Tunic with Beads)", -2092967402, "ZNetView, ZSyncTransform, ItemDrop"
"ArmorTunic7 ($item_chest_tunic7) (Plain Yellow Tunic)", -2092967403, "ZNetView, ZSyncTransform, ItemDrop"
"ArmorTunic8 ($item_chest_tunic8) (Yellow Tunic with Cape)", -2092967388, "ZNetView, ZSyncTransform, ItemDrop"
"ArmorTunic9 ($item_chest_tunic9) (Yellow Tunic with Beads)", -2092967389, "ZNetView, ZSyncTransform, ItemDrop"
"ArmorWolfChest ($item_chest_wolf) (Wolf Hide Chestpiece)", -914594978, "ZNetView, ZSyncTransform, ItemDrop"
"ArmorWolfLegs ($item_legs_wolf) (Wolf Hide Trousers)", -1695215220, "ZNetView, ZSyncTransform, ItemDrop"
"ArrowBronze ($item_arrow_bronze) (Bronzehead Arrow)", 2137518083, "ZNetView, ZSyncTransform, ItemDrop"
"ArrowCarapace ($item_arrow_carapace) (Carapace Arrow)", -485682777, "ZNetView, ZSyncTransform, ItemDrop"
"ArrowCharred ($item_arrow_charred) (Charred Arrow)", 950372346, "ZNetView, ZSyncTransform, ItemDrop"
"ArrowFire ($item_arrow_fire) (Fire Arrow)", -1917784535, "ZNetView, ZSyncTransform, ItemDrop"
"ArrowFlint ($item_arrow_flint) (Flinthead Arrow)", -843447246, "ZNetView, ZSyncTransform, ItemDrop"
"ArrowFrost ($item_arrow_frost) (Frost Arrow)", -641933831, "ZNetView, ZSyncTransform, ItemDrop"
"ArrowIron ($item_arrow_iron) (Ironhead Arrow)", -1003810285, "ZNetView, ZSyncTransform, ItemDrop"
"ArrowNeedle ($item_arrow_needle) (Needle Arrow)", 1981231808, "ZNetView, ZSyncTransform, ItemDrop"
"ArrowObsidian ($item_arrow_obsidian) (Obsidian Arrow)", 343761714, "ZNetView, ZSyncTransform, ItemDrop"
"ArrowPoison ($item_arrow_poison) (Poison Arrow)", -1215929287, "ZNetView, ZSyncTransform, ItemDrop"
"ArrowSilver ($item_arrow_silver) (Silver Arrow)", 799199670, "ZNetView, ZSyncTransform, ItemDrop"
"ArrowWood ($item_arrow_wood) (Wood Arrow)", -782094582, "ZNetView, ZSyncTransform, ItemDrop"
"artisan_ext1", 1852862665, "Piece, ZNetView, WearNTear, StationExtension"
"AshCrow", -462474485, "RandomFlyingBird, ZNetView, ZSyncTransform, ZSyncAnimation, Destructible, DropOnDestroyed"
"ashland_pot1_green ($piece_ancient_pot) (Ancient Pot)", 772011266, "ZNetView, DropOnDestroyed, HoverText, StaticPhysics, WearNTear"
"ashland_pot1_red ($piece_ancient_pot) (Ancient Pot)", 1762125542, "ZNetView, DropOnDestroyed, HoverText, StaticPhysics, WearNTear"
"ashland_pot2_green ($piece_ancient_pot) (Ancient Pot)", 1391001863, "ZNetView, DropOnDestroyed, HoverText, StaticPhysics, WearNTear"
"ashland_pot2_red ($piece_ancient_pot) (Ancient Pot)", 1116405303, "ZNetView, DropOnDestroyed, HoverText, StaticPhysics, WearNTear"
"ashland_pot3_green ($piece_ancient_pot) (Ancient Pot)", 1662279564, "ZNetView, DropOnDestroyed, HoverText, StaticPhysics, WearNTear"
"ashland_pot3_red ($piece_ancient_pot) (Ancient Pot)", -1481770340, "ZNetView, DropOnDestroyed, HoverText, StaticPhysics, WearNTear"
"Ashland_Stair", 1084633047, "ZNetView, WearNTear, DropOnDestroyed"
"Ashland_Steepstair", -571355724, "ZNetView, WearNTear, DropOnDestroyed"
"Ashlands_Altar", 2102937115, "ZNetView, WearNTear, DropOnDestroyed"
"Ashlands_Arch1", 408986256, "Piece, ZNetView, WearNTear"
"Ashlands_Arch2", 812270783, "Piece, ZNetView, WearNTear"
"Ashlands_Arch2_Broken1", 804880842, "ZNetView, WearNTear, DropOnDestroyed"
"Ashlands_Arch2_Broken2", -761203099, "ZNetView, WearNTear, DropOnDestroyed"
"Ashlands_ArchRoof", -1381309987, "ZNetView, Destructible"
"Ashlands_ArchRoofDamaged", -740836646, "ZNetView, WearNTear, DropOnDestroyed"
"Ashlands_ArchRoofDamaged_half1", 705430107, "ZNetView, WearNTear, DropOnDestroyed"
"Ashlands_ArchRoofDamaged_half2", 302145580, "ZNetView, WearNTear, DropOnDestroyed"
"Ashlands_ArchRoofLong_Damaged", 1136425031, "ZNetView, WearNTear, DropOnDestroyed"
"Ashlands_Boss_Pillar", 1938820621, "ZNetView, WearNTear, DropOnDestroyed"
"Ashlands_Boss_Pillar_Twist_broken1", 2083417226, "ZNetView, WearNTear, DropOnDestroyed"
"Ashlands_Boss_Pillar_Twist_broken2", 517333285, "ZNetView, WearNTear, DropOnDestroyed"
"Ashlands_Boss_Pillar_Twist_broken3", -1048750656, "ZNetView, WearNTear, DropOnDestroyed"
"Ashlands_Floor", 518648449, "ZNetView, WearNTear, DropOnDestroyed"
"Ashlands_floor_large", -2097945681, "ZNetView, Destructible"
"Ashlands_floor_large_fractured", 1813132348, "ZNetView, MineRock5"
"Ashlands_Fortress_Floor", -126365370, "ZNetView, WearNTear, DropOnDestroyed"
"Ashlands_Fortress_Gate", -1104038219, "ZNetView, WearNTear"
"Ashlands_Fortress_Gate_Door", -198630732, "ZNetView, WearNTear"
"Ashlands_Fortress_Wall_Pillar", 197363609, "ZNetView, Destructible"
"Ashlands_Fortress_Wall_Pillar_base", -428075625, "ZNetView, Destructible"
"Ashlands_Fortress_Wall_Pillar_base_frac", -663740804, "ZNetView, LodFadeInOut, MineRock5"
"Ashlands_Fortress_Wall_Pillar_frac", -38087410, "ZNetView, LodFadeInOut, MineRock5"
"Ashlands_Fortress_Wall_PillarTop", 1951019652, "ZNetView, Destructible"
"Ashlands_Fortress_Wall_PillarTop_frac", -43038689, "ZNetView, LodFadeInOut, MineRock5"
"Ashlands_Fortress_Wall_PillarTopStone", -903572179, "ZNetView, Destructible"
"Ashlands_Fortress_Wall_PillarTopStone_frac", -1159478086, "ZNetView, LodFadeInOut, MineRock5"
"Ashlands_Fortress_Wall_Spikes", 145717874, "ZNetView, WearNTear, DropOnDestroyed"
"Ashlands_Pillar4", 1645765767, "ZNetView, WearNTear, DropOnDestroyed"
"Ashlands_Pillar4_tip", 107227657, "ZNetView, WearNTear"
"Ashlands_Pillar4_tip_broken1", 1249954142, "ZNetView, WearNTear, DropOnDestroyed"
"Ashlands_Pillar4_tip_broken2", 846669615, "ZNetView, WearNTear, DropOnDestroyed"
"Ashlands_Pillar4_tip2", 1891326199, "ZNetView, WearNTear"
"Ashlands_Pillar4_tip2_broken1", 1806692262, "ZNetView, WearNTear, DropOnDestroyed"
"Ashlands_Pillar4_tip2_broken2", 1806692265, "ZNetView, WearNTear, DropOnDestroyed"
"Ashlands_Pillar4_tip3", 1891326198, "ZNetView, WearNTear"
"Ashlands_Pillar4_tip3_broken1", 1798606439, "ZNetView, WearNTear, DropOnDestroyed"
"Ashlands_Pillar4_tip3_broken2", 1798606440, "ZNetView, WearNTear, DropOnDestroyed"
"Ashlands_Pillar4_tip3_broken3", 1798606441, "ZNetView, WearNTear, DropOnDestroyed"
"Ashlands_PillarBase3_double", 1114209067, "ZNetView, WearNTear, DropOnDestroyed"
"Ashlands_Ramp", 252120223, "ZNetView, WearNTear"
"Ashlands_rock1", -591983307, "ZNetView, LodFadeInOut, StaticPhysics, Destructible"
"Ashlands_rock2", -995267834, "ZNetView, LodFadeInOut, Destructible"
"Ashlands_Ruins_Floor_1point5x1point5", -1854673254, "ZNetView, WearNTear, DropOnDestroyed"
"Ashlands_Ruins_Floor_1point5x1point5_broken", 1220932010, "ZNetView, WearNTear, DropOnDestroyed"
"Ashlands_Ruins_Floor_3x3", 665283258, "ZNetView, WearNTear, DropOnDestroyed"
"Ashlands_Ruins_Floor_3x3_broken1", -375516993, "ZNetView, WearNTear, DropOnDestroyed"
"Ashlands_Ruins_Floor_3x3_broken2", 1190566948, "ZNetView, WearNTear, DropOnDestroyed"
"Ashlands_Ruins_Floor_3x3_broken3", -1538316407, "ZNetView, WearNTear, DropOnDestroyed"
"Ashlands_Ruins_Floor_6x6", 645080282, "ZNetView, WearNTear, DropOnDestroyed"
"Ashlands_Ruins_Floor_6x6_broken1", 797695327, "ZNetView, WearNTear, DropOnDestroyed"
"Ashlands_Ruins_Floor_6x6_broken2", -1931188028, "ZNetView, WearNTear, DropOnDestroyed"
"Ashlands_Ruins_Ramp", 83808115, "ZNetView, WearNTear, DropOnDestroyed"
"Ashlands_Ruins_Ramp_Upsidedown", 2119425612, "ZNetView, WearNTear, DropOnDestroyed"
"Ashlands_Ruins_TopStone", -110466087, "ZNetView, WearNTear, DropOnDestroyed"
"Ashlands_Ruins_twist_ArchBig", 259308223, "ZNetView, WearNTear, DropOnDestroyed"
"Ashlands_Ruins_twist_PillarBase", 1641385580, "ZNetView, WearNTear, DropOnDestroyed"
"Ashlands_Ruins_twist_PillarBaseSmall", -230117153, "ZNetView, WearNTear, DropOnDestroyed"
"Ashlands_Ruins_Wall_4x6", -50823844, "ZNetView, Destructible"
"Ashlands_Ruins_Wall_Broken3_4x6", -1813415923, "ZNetView, WearNTear"
"Ashlands_Ruins_Wall_Broken4_4x6", -1813414648, "ZNetView, WearNTear"
"Ashlands_Ruins_Wall_Broken5_4x6", -1813417849, "ZNetView, WearNTear"
"Ashlands_Ruins_Wall_Top_wHole", 1078011425, "ZNetView, WearNTear"
"Ashlands_Ruins_Wall_Window_4x6_broken2", -501159693, "ZNetView, WearNTear"
"Ashlands_Ruins_Wall_Window_4x6_broken3", -2067243634, "ZNetView, WearNTear"
"Ashlands_Ruins_Wall_Window_4x6_broken4", 305409361, "ZNetView, WearNTear"
"Ashlands_Ruins_Wall_Window_4x6_broken5", -1260674580, "ZNetView, WearNTear"
"Ashlands_Ruins_Wall_Window_4x6_broken6", 1468208775, "ZNetView, WearNTear"
"Ashlands_Ruins_Wall_Windows_Broken_4x6", -900865316, "ZNetView, Destructible"
"Ashlands_StairsBroad", 1867208497, "ZNetView, WearNTear"
"Ashlands_Wall_2x2", -2119951934, "ZNetView, WearNTear"
"Ashlands_Wall_2x2_cornerL", 1759866742, "ZNetView, WearNTear"
"Ashlands_Wall_2x2_cornerL_top", 1126648746, "ZNetView, WearNTear"
"Ashlands_Wall_2x2_cornerR", 1759866768, "ZNetView, WearNTear"
"Ashlands_Wall_2x2_cornerR_top", 1126679996, "ZNetView, WearNTear"
"Ashlands_Wall_2x2_edge", 611243602, "ZNetView, WearNTear"
"Ashlands_Wall_2x2_edge_top", 239144302, "ZNetView, WearNTear"
"Ashlands_Wall_2x2_edge2", -1539806908, "ZNetView, WearNTear"
"Ashlands_Wall_2x2_edge2_top", 1446778968, "ZNetView, WearNTear"
"Ashlands_Wall_2x2_top", -1234917130, "ZNetView, WearNTear"
"Ashlands_WallBlock", -2089640202, "ZNetView, Destructible"
"Ashlands_WallBlock_1x2x2", 14322530, "Piece, ZNetView, WearNTear"
"Ashlands_WallBlock_base", 2131499046, "Piece, ZNetView, WearNTear"
"AshlandsBranch1 ($prop_treelog) (Log)", 2011351767, "Destructible, ZNetView, StaticPhysics, HoverText, DropOnDestroyed"
"AshlandsBranch2 ($item_pickable_branch) (Branch)", 2011351770, "Destructible, ZNetView, StaticPhysics, DropOnDestroyed, HoverText"
"AshlandsBranch3 ($prop_treelog) (Log)", 2011351769, "Destructible, ZNetView, StaticPhysics, HoverText, DropOnDestroyed"
"AshlandsBush1", -2113381525, "Destructible, ZNetView, StaticPhysics, DropOnDestroyed"
"AshlandsBush2", -2113381524, "Destructible, ZNetView, StaticPhysics, DropOnDestroyed"
"AshlandsTree1 ($prop_ashlandstree) (Scorched Tree)", 870990425, "TreeBase, ZNetView, StaticPhysics, HoverText"
"AshlandsTree3 ($prop_ashlandstree) (Scorched Tree)", 870990427, "TreeBase, ZNetView, StaticPhysics, HoverText"
"AshlandsTree4 ($prop_ashlandstree) (Scorched Tree)", 870990428, "TreeBase, ZNetView, StaticPhysics, HoverText"
"AshlandsTree5 ($prop_ashlandstree) (Scorched Tree)", 870990429, "TreeBase, ZNetView, StaticPhysics, HoverText"
"AshlandsTree6 ($prop_ashlandstree) (Scorched Tree)", 870990430, "TreeBase, ZNetView, StaticPhysics, HoverText"
"AshlandsTree6_big ($prop_ashlandstree) (Scorched Tree)", 1840491433, "TreeBase, ZNetView, StaticPhysics, HoverText"
"AshlandsTreeLog1 ($prop_treelog) (Log)", -174210823, "ZNetView, ZSyncTransform, TreeLog, ImpactEffect, Floating, HoverText"
"AshlandsTreeLog2 ($prop_treelog) (Log)", -1740294764, "ZNetView, ZSyncTransform, TreeLog, ImpactEffect, Floating, HoverText"
"AshlandsTreeLogHalf1 ($prop_treelog) (Log)", -1552374362, "ZNetView, ZSyncTransform, ImpactEffect, Floating, TreeLog, LodFadeInOut, HoverText"
"AshlandsTreeLogHalf2 ($prop_treelog) (Log)", 1176508993, "ZNetView, ZSyncTransform, ImpactEffect, Floating, TreeLog, LodFadeInOut, HoverText"
"AshlandsTreeStump1 ($prop_treestump) (Stump)", 1910273542, "Destructible, ZNetView, StaticPhysics, HoverText, DropOnDestroyed"
"AshlandsTreeStump2 ($prop_treestump) (Stump)", -1981409227, "Destructible, ZNetView, StaticPhysics, HoverText, DropOnDestroyed"
"AshlandsTreeStump3 ($prop_treestump) (Stump)", 747474128, "Destructible, ZNetView, StaticPhysics, HoverText, DropOnDestroyed"
"ashwood_arch_big", 499263833, "Piece, ZNetView, WearNTear"
"ashwood_arch_bottom", 1315037798, "Piece, ZNetView, WearNTear"
"ashwood_arch_top", -2108401664, "Piece, ZNetView, WearNTear"
"ashwood_beam_1m", -332698626, "Piece, ZNetView, WearNTear"
"ashwood_beam_2m", 70585901, "Piece, ZNetView, WearNTear"
"ashwood_bed", 823420613, "Piece, ZNetView, Bed, WearNTear"
"ashwood_deco_floor", -1593123332, "Piece, ZNetView, WearNTear"
"ashwood_decowall_2x2", -1781600630, "Piece, ZNetView, WearNTear"
"ashwood_decowall_divider", 1536438203, "Piece, ZNetView, WearNTear"
"ashwood_decowall_tree", 1321774774, "Piece, ZNetView, WearNTear"
"ashwood_door", -245309624, "Piece, ZNetView, WearNTear, Door"
"ashwood_floor_1x1", -281601339, "Piece, ZNetView, WearNTear"
"ashwood_floor_2x2", -281601243, "Piece, ZNetView, WearNTear"
"ashwood_halfwall_1x2", 976661943, "Piece, ZNetView, WearNTear"
"ashwood_pole_1m", -1233292549, "Piece, ZNetView, WearNTear"
"ashwood_pole_2m", 1495590806, "Piece, ZNetView, WearNTear"
"ashwood_quarterwall_1x1", 1248264999, "Piece, ZNetView, WearNTear"
"ashwood_stair", 1678513475, "Piece, ZNetView, WearNTear"
"ashwood_wall_2x2", 1924509191, "Piece, ZNetView, WearNTear"
"ashwood_wall_arch", 168049647, "Piece, ZNetView, WearNTear"
"ashwood_wall_beam_26", 372906951, "Piece, ZNetView, WearNTear"
"ashwood_wall_beam_26_alt", -950351911, "Piece, ZNetView, WearNTear"
"ashwood_wall_beam_45", -1193176984, "Piece, ZNetView, WearNTear"
"ashwood_wall_beam_45_alt", -39209364, "Piece, ZNetView, WearNTear"
"ashwood_wall_cross_26", 304768544, "Piece, ZNetView, WearNTear"
"ashwood_wall_cross_26_alt", -1836620120, "Piece, ZNetView, WearNTear"
"ashwood_wall_cross_45", 1111337595, "Piece, ZNetView, WearNTear"
"ashwood_wall_cross_45_alt", 1699602097, "Piece, ZNetView, WearNTear"
"ashwood_wall_roof_26", -216137440, "Piece, ZNetView, WearNTear"
"ashwood_wall_roof_26_upsidedown", 625637655, "Piece, ZNetView, WearNTear"
"ashwood_wall_roof_45", 187147093, "Piece, ZNetView, WearNTear"
"ashwood_wall_roof_45_upsidedown", 762420190, "Piece, ZNetView, WearNTear"
"AskBladder ($item_askbladder) (Asksvin Bladder)", -2005747631, "ZNetView, ZSyncTransform, ItemDrop"
"AskHide ($item_askhide) (Asksvin Hide)", -361463611, "ZNetView, ZSyncTransform, ItemDrop"
"Asksvin", 673728755, "Humanoid, MonsterAI, CharacterDrop, ZNetView, ZSyncTransform, ZSyncAnimation, FootStep, Tameable, Procreation"
"asksvin_carrion", -990675028, "ZNetView, WearNTear, DropOnDestroyed, StaticPhysics"
"asksvin_carrion2", -1979024078, "ZNetView, WearNTear, DropOnDestroyed, StaticPhysics"
"Asksvin_hatchling", -656027988, "Humanoid, MonsterAI, CharacterDrop, ZNetView, ZSyncTransform, ZSyncAnimation, FootStep, Growup"
"AsksvinCarrionNeck ($item_asksvincarrionneck) (Asksvin Neck)", -518087446, "ZNetView, ZSyncTransform, ItemDrop"
"AsksvinCarrionPelvic ($item_asksvincarrionpelvic) (Asksvin Pelvis)", 116510864, "ZNetView, ZSyncTransform, ItemDrop"
"AsksvinCarrionRibcage ($item_asksvincarrionribcage) (Asksvin Ribcage)", 1245401458, "ZNetView, ZSyncTransform, ItemDrop"
"AsksvinCarrionSkull ($item_asksvincarrionskull) (Asksvin Skull)", 111807506, "ZNetView, ZSyncTransform, ItemDrop"
"AsksvinEgg ($item_asksvin_egg) (Asksvin Egg)", 1055620598, "ZNetView, ZSyncTransform, EggGrow, ItemDrop"
"AsksvinMeat ($item_asksvin_meat) (Asksvin Tail)", 1407759366, "ZNetView, ZSyncTransform, ItemDrop"
"AtgeirBlackmetal ($item_atgeir_blackmetal) (Black Metal Atgeir)", 275694258, "ZNetView, ZSyncTransform, ItemDrop"
"AtgeirBronze ($item_atgeir_bronze) (Bronze Atgeir)", -971799304, "ZNetView, ZSyncTransform, ItemDrop"
"AtgeirHimminAfl ($item_atgeir_himminafl) (Himminafl)", -1297235939, "ZNetView, ZSyncTransform, ItemDrop"
"AtgeirIron ($item_atgeir_iron) (Iron Atgeir)", -1697777810, "ZNetView, ZSyncTransform, ItemDrop"
"AtgeirWood ($item_atgeir_wood) (Wooden Atgeir)", 762077939, "ZNetView, ZSyncTransform, ItemDrop"
"AxeBerzerkr ($item_axe_berzerkr) (Berserkir Axes)", 691223085, "ZNetView, ZSyncTransform, ItemDrop"
"AxeBerzerkrBlood ($item_axe_berzerkr_blood) (Bleeding Berserkir Axes)", 1889813487, "ZNetView, ZSyncTransform, ItemDrop"
"AxeBerzerkrLightning ($item_axe_berzerkr_lightning) (Thundering Berserkir Axes)", -1978837223, "ZNetView, ZSyncTransform, ItemDrop"
"AxeBerzerkrNature ($item_axe_berzerkr_nature) (Primal Berserkir Axes)", -1603971610, "ZNetView, ZSyncTransform, ItemDrop"
"AxeBlackMetal ($item_axe_blackmetal) (Black Metal Axe)", 1694548656, "ZNetView, ZSyncTransform, ItemDrop"
"AxeBronze ($item_axe_bronze) (Bronze Axe)", -533689078, "ZNetView, ZSyncTransform, ItemDrop"
"AxeFlint ($item_axe_flint) (Flint Axe)", -1468314591, "ZNetView, ZSyncTransform, ItemDrop"
"AxeIron ($item_axe_iron) (Iron Axe)", 1790496580, "ZNetView, ZSyncTransform, ItemDrop"
"AxeJotunBane ($item_axe_jotunbane) (Jotun Bane)", 1583975460, "ZNetView, ZSyncTransform, ItemDrop"
"AxeStone ($item_axe_stone) (Stone Axe)", -1779108881, "ZNetView, ZSyncTransform, ItemDrop"
"AxeWood ($item_axe_wood) (Wooden Axe)", 170451811, "ZNetView, ZSyncTransform, ItemDrop"
"BarberKit ($item_barberkit) (Barber Kit)", -414750720, "ZNetView, ZSyncTransform, ItemDrop"
"Barley ($item_barley) (Barley)", 294912805, "ZNetView, ZSyncTransform, ItemDrop"
"BarleyFlour ($item_barleyflour) (Barley Flour)", -1702506509, "ZNetView, ZSyncTransform, ItemDrop"
"BarleyWine ($item_barleywine) (Fire Resistance Barley Wine)", -1380373382, "ZNetView, ZSyncTransform, ItemDrop, Piece, WearNTear"
"BarleyWineBase ($item_barleywinebase) (Barley Wine Base: Fire Resistance)", 113986677, "ZNetView, ZSyncTransform, ItemDrop"
"barrell", 2034747966, "ZNetView, Destructible, ZSyncTransform, Floating, DropOnDestroyed"
"BarrelRings ($item_barrelrings) (Barrel Hoops)", 1191998723, "ZNetView, ZSyncTransform, ItemDrop"
"Bat", 696030471, "Humanoid, ZNetView, ZSyncTransform, ZSyncAnimation, MonsterAI, CharacterDrop"
"bat_melee (Bat melee) (Bat melee)", -1913972066, "ZNetView, ZSyncTransform, ItemDrop"
"BatteringRam", -231530696, "DisableInPlacementGhost, Vagon, SiegeMachine, Floating, ZNetView, ZSyncTransform, Piece, WearNTear, ImpactEffect"
"Battleaxe ($item_battleaxe) (Battleaxe)", 1943723324, "ZNetView, ZSyncTransform, ItemDrop"
"BattleaxeBlackmetal ($item_battleaxe_blackmetal) (Black Metal Battleaxe)", -1103504794, "ZNetView, ZSyncTransform, ItemDrop"
"BattleaxeCrystal ($item_battleaxe_crystal) (Crystal Battleaxe)", -1994118106, "ZNetView, ZSyncTransform, ItemDrop"
"BattleaxeSkullSplittur ($item_battleaxe_skullsplittur) (Skull Splittur)", 1907559578, "ZNetView, ZSyncTransform, ItemDrop"
"BattleaxeWood ($item_battleaxe_wood) (Wooden Battleaxe)", 909991033, "ZNetView, ZSyncTransform, ItemDrop"
"bed", -1273339005, "Piece, ZNetView, Bed, WearNTear"
"bee_aoe", -1791758602, "ZNetView, Aoe"
"beech_log ($prop_treelog) (Log)", 837895808, "ZNetView, ZSyncTransform, TreeLog, ImpactEffect, Floating, LodFadeInOut, HoverText"
"beech_log_half ($prop_treelog) (Log)", -624406308, "ZNetView, ZSyncTransform, ImpactEffect, Floating, TreeLog, LodFadeInOut, HoverText"
"Beech_Sapling", 1170585794, "ZNetView, Plant, Destructible, Piece, StaticPhysics"
"Beech_small1 ($prop_beech) (Beech)", 865557360, "ZNetView, Destructible, LodFadeInOut, StaticPhysics, HoverText, DropOnDestroyed"
"Beech_small2 ($prop_beech) (Beech)", 1268841887, "ZNetView, Destructible, LodFadeInOut, StaticPhysics, HoverText, DropOnDestroyed"
"Beech_Stub ($prop_treestump) (Stump)", 747762302, "Destructible, ZNetView, StaticPhysics, HoverText, DropOnDestroyed"
"Beech1 ($prop_beech) (Beech)", -493262268, "TreeBase, ZNetView, LodFadeInOut, StaticPhysics, HoverText"
"BeechSeeds ($item_beechseeds) (Beech Seeds)", 1912302441, "ZNetView, ZSyncTransform, ItemDrop"
"Beehive", 185590564, "WearNTear, SpawnOnDamaged, DropOnDestroyed, ZNetView, Aoe"
"Bell ($item_bell) (Bell)", -514974841, "ZNetView, ZSyncTransform, ItemDrop"
"BellFragment ($item_bellfragment) (Bell Fragment)", 227533079, "ZNetView, ZSyncTransform, ItemDrop"
"BeltStrength ($item_beltstrength) (Megingjord)", -460902046, "ZNetView, ZSyncTransform, ItemDrop"
"Bilebag ($item_bilebag) (Bilebag)", -111754826, "ZNetView, ZSyncTransform, ItemDrop"
"bilebomb_explosion", 976604240, "ZNetView, Aoe"
"bilebomb_projectile", -1458915510, "Projectile, ZNetView, ZSyncTransform"
"Birch_log ($prop_treelog) (Log)", -1411911791, "ZNetView, ZSyncTransform, TreeLog, ImpactEffect, Floating, LodFadeInOut, HoverText"
"Birch_log_half ($prop_treelog) (Log)", 1868061717, "ZNetView, ZSyncTransform, ImpactEffect, Floating, TreeLog, LodFadeInOut, HoverText"
"Birch_Sapling", -646762577, "ZNetView, Plant, Destructible, Piece, StaticPhysics"
"Birch1 ($prop_birch) (Birch)", -427486029, "TreeBase, ZNetView, LodFadeInOut, StaticPhysics, HoverText"
"Birch1_aut ($prop_birch) (Birch)", 816500238, "TreeBase, ZNetView, LodFadeInOut, StaticPhysics, HoverText"
"Birch2 ($prop_birch) (Birch)", -1993569970, "TreeBase, ZNetView, LodFadeInOut, StaticPhysics, HoverText"
"Birch2_aut ($prop_birch) (Birch)", -789472993, "TreeBase, ZNetView, LodFadeInOut, StaticPhysics, HoverText"
"BirchSeeds ($item_birchseeds) (Birch Seeds)", -601117714, "ZNetView, ZSyncTransform, ItemDrop"
"BirchStub ($prop_treestump) (Stump)", -1425208488, "Destructible, ZNetView, StaticPhysics, HoverText, DropOnDestroyed"
"Bjorn", 2072373495, "Humanoid, MonsterAI, CharacterDrop, ZNetView, ZSyncTransform, ZSyncAnimation, FootStep, LevelEffects"
"bjorn_bite (bjorn bite) (bjorn bite)", -72692618, "ZNetView, ZSyncTransform, ItemDrop"
"bjorn_claws (bjorn bite) (bjorn bite)", -1530429132, "ZNetView, ZSyncTransform, ItemDrop"
"Bjorn_ragdoll", 2100428743, "ZNetView, Ragdoll"
"bjorn_swipe_combo (bjorn bite) (bjorn bite)", 1779882859, "ZNetView, ZSyncTransform, ItemDrop"
"bjorn_swipe_l (bjorn bite) (bjorn bite)", 1590741015, "ZNetView, ZSyncTransform, ItemDrop"
"bjorn_swipe_r (bjorn bite) (bjorn bite)", 1590741005, "ZNetView, ZSyncTransform, ItemDrop"
"BjornHide ($item_bjornhide) (Bear Hide)", -161303425, "ZNetView, ZSyncTransform, ItemDrop"
"BjornMeat ($item_bjorn_meat) (Bear Meat)", -181506772, "ZNetView, ZSyncTransform, ItemDrop"
"BjornPaw ($item_bjornpaw) (Bear Paw)", 1440487497, "ZNetView, ZSyncTransform, ItemDrop"
"BlackCore ($item_blackcore) (Black Core)", -566038322, "ZNetView, ZSyncTransform, ItemDrop"
"BlackForestLocationMusic", -94314950, "ZNetView, MusicLocation"
"blackforge", -250560308, "Piece, ZNetView, CraftingStation, WearNTear"
"blackforge_ext1", -797439003, "Piece, ZNetView, WearNTear, StationExtension"
"blackforge_ext2_vise", -358052686, "Piece, ZNetView, WearNTear, StationExtension"
"blackforge_ext3_metalcutter", 104673382, "Piece, ZNetView, WearNTear, StationExtension"
"blackforge_ext4_gemcutter", 1850399833, "Piece, ZNetView, WearNTear, StationExtension"
"BlackMarble ($item_blackmarble) (Black Marble)", 1159653928, "ZNetView, ZSyncTransform, ItemDrop"
"blackmarble_1x1", -1195767551, "Piece, ZNetView, WearNTear"
"blackmarble_2x1x1", -1161852937, "Piece, ZNetView, WearNTear"
"blackmarble_2x2_enforced", -502993694, "Piece, ZNetView, WearNTear"
"blackmarble_2x2x1", -1161852776, "Piece, ZNetView, WearNTear"
"blackmarble_2x2x2", -1161852777, "Piece, ZNetView, WearNTear"
"blackmarble_altar_crystal", -556080110, "Destructible, ZNetView"
"blackmarble_altar_crystal_broken", -750057646, "Destructible, ZNetView, DropOnDestroyed"
"blackmarble_arch", -1262523563, "Piece, ZNetView, WearNTear"
"blackmarble_base_1", 1745123876, "Piece, ZNetView, WearNTear"
"blackmarble_base_2", 1341839349, "Piece, ZNetView, WearNTear"
"blackmarble_basecorner", 232501507, "Piece, ZNetView, WearNTear"
"blackmarble_column_1", 262767717, "Piece, ZNetView, WearNTear"
"blackmarble_column_2", -140516810, "Piece, ZNetView, WearNTear"
"blackmarble_column_3", 1425567131, "ZNetView, Piece, WearNTear"
"blackmarble_creep_4x1x1", 1341577551, "Piece, ZNetView, WearNTear"
"blackmarble_creep_4x2x1", 1341577584, "Piece, ZNetView, WearNTear"
"blackmarble_creep_slope_inverted_1x1x2", 285426183, "Piece, ZNetView, WearNTear"
"blackmarble_creep_slope_inverted_2x2x1", -978646442, "Piece, ZNetView, WearNTear"
"blackmarble_creep_stair", -822720420, "Piece, ZNetView, WearNTear"
"blackmarble_floor", 747145, "Piece, ZNetView, WearNTear"
"blackmarble_floor_large", -640423049, "ZNetView, Piece, WearNTear"
"blackmarble_floor_triangle", 955526822, "Piece, ZNetView, WearNTear"
"blackmarble_head_big01", -613415933, "ZNetView, WearNTear, Piece"
"blackmarble_head_big02", -1016700460, "ZNetView, WearNTear, Piece"
"blackmarble_head01", -125049440, "Piece, ZNetView, WearNTear"
"blackmarble_head02", -1691133381, "Piece, ZNetView, WearNTear"
"blackmarble_out_1", -1881176611, "Piece, ZNetView, WearNTear"
"blackmarble_out_2", -1881176610, "Piece, ZNetView, WearNTear"
"blackmarble_outcorner", 2097111366, "Piece, ZNetView, WearNTear"
"blackmarble_pile", 592534089, "ZNetView, Piece, WearNTear"
"blackmarble_post01", -1962134668, "Destructible, ZNetView, StaticPhysics, DropOnDestroyed"
"blackmarble_slope_1x2", 547477602, "Piece, ZNetView, WearNTear"
"blackmarble_slope_inverted_1x2", -2051475058, "Piece, ZNetView, WearNTear"
"blackmarble_stair", 1580391858, "Piece, ZNetView, WearNTear"
"blackmarble_stair_corner", 1280010482, "Piece, ZNetView, WearNTear"
"blackmarble_stair_corner_left", 1115581890, "Piece, ZNetView, WearNTear"
"blackmarble_tile_floor_1x1", -473850883, "Piece, ZNetView, WearNTear"
"blackmarble_tile_floor_2x2", 991476509, "Piece, ZNetView, WearNTear"
"blackmarble_tile_wall_1x1", 298976879, "Piece, ZNetView, WearNTear"
"blackmarble_tile_wall_2x2", 298977039, "Piece, ZNetView, WearNTear"
"blackmarble_tile_wall_2x4", 298977045, "Piece, ZNetView, WearNTear"
"blackmarble_tip", 1082779386, "Piece, ZNetView, WearNTear"
"BlackMetal ($item_blackmetal) (Black Metal)", -535733020, "ZNetView, ZSyncTransform, ItemDrop"
"BlackMetalScrap ($item_blackmetalscrap) (Black Metal Scrap)", 1762081833, "ZNetView, ZSyncTransform, ItemDrop"
"BlackSoup ($item_blacksoup) (Black Soup)", 388599790, "ZNetView, ZSyncTransform, ItemDrop, Piece, WearNTear"
"Blackwood ($item_blackwood) (Ashwood)", -1432441312, "ZNetView, ZSyncTransform, ItemDrop, Floating"
"blackwood_stack", 459681025, "ZNetView, Piece, WearNTear"
"blastfurnace", 1048742812, "Piece, ZNetView, Smelter, WearNTear"
"Blob", 829393023, "Humanoid, CharacterDrop, ZNetView, ZSyncTransform, ZSyncAnimation, MonsterAI, FootStep"
"blob_aoe", 1122333731, "ZNetView, Aoe"
"BlobElite", -249968000, "Humanoid, CharacterDrop, ZNetView, ZSyncTransform, ZSyncAnimation, MonsterAI, FootStep"
"BlobFrost", 1551643975, "Humanoid, CharacterDrop, ZNetView, ZSyncTransform, ZSyncAnimation, MonsterAI, FootStep"
"BlobLava", -845950839, "Humanoid, CharacterDrop, ZNetView, ZSyncTransform, ZSyncAnimation, MonsterAI, FootStep"
"BlobLava_explosion", 910572819, "Aoe, ZNetView, ZSyncTransform"
"BlobTar", 1909245568, "Humanoid, CharacterDrop, ZNetView, ZSyncTransform, ZSyncAnimation, MonsterAI, FootStep"
"blobtar_projectile_tarball", -1079891863, "Projectile, ZNetView, ZSyncTransform"
"BlobVial ($item_blobvial) (Corked Vial)", -1928195707, "ZNetView, ZSyncTransform, ItemDrop"
"Bloodbag ($item_bloodbag) (Bloodbag)", 248299036, "ZNetView, ZSyncTransform, ItemDrop"
"BloodPudding ($item_bloodpudding) (Blood Pudding)", -1293151425, "ZNetView, ZSyncTransform, ItemDrop, Piece, WearNTear"
"Blueberries ($item_blueberries) (Blueberries)", 583402574, "ZNetView, ZSyncTransform, ItemDrop, Piece, WearNTear"
"BlueberryBush", 1998010392, "Destructible, ZNetView, Pickable, StaticPhysics, DropOnDestroyed"
"Boar", -1670867714, "Humanoid, MonsterAI, CharacterDrop, ZNetView, ZSyncTransform, ZSyncAnimation, FootStep, Procreation, Tameable"
"Boar_piggy", 1076559013, "Humanoid, AnimalAI, ZNetView, ZSyncTransform, ZSyncAnimation, Growup"
"boar_ragdoll", 832544534, "Ragdoll, ZNetView"
"BoarJerky ($item_boarjerky) (Boar Jerky)", 150066261, "ZNetView, ZSyncTransform, ItemDrop, Piece, WearNTear"
"BogWitch", 5778863, "Trader, ZNetView, SnapToGround"
"BogWitch_Fire_Pit", -1585032212, "Piece, ZNetView, Fireplace"
"BogWitchKvastur", -1912866981, "Humanoid, ZNetView, ZSyncTransform, ZSyncAnimation, MonsterAI, CharacterDrop"
"BoltBlackmetal ($item_bolt_blackmetal) (Black Metal Bolt)", -1129651973, "ZNetView, ZSyncTransform, ItemDrop"
"BoltBone ($item_bolt_bone) (Bone Bolt)", -1853193749, "ZNetView, ZSyncTransform, ItemDrop"
"BoltCarapace ($item_bolt_carapace) (Carapace Bolt)", 1700229387, "ZNetView, ZSyncTransform, ItemDrop"
"BoltCharred ($item_bolt_charred) (Charred Bolt)", 1209084388, "ZNetView, ZSyncTransform, ItemDrop"
"BoltIron ($item_bolt_iron) (Iron Bolt)", 1863383, "ZNetView, ZSyncTransform, ItemDrop"
"BombBile ($item_bilebomb) (Bile Bomb)", 1590333336, "ZNetView, ZSyncTransform, ItemDrop"
"BombBlob_Frost ($item_bombblob_frost) (Blob Bomb: Frost)", -1584006048, "ZNetView, ZSyncTransform, ItemDrop"
"BombBlob_Frost_projectile", -100801586, "Projectile, ZNetView, ZSyncTransform"
"BombBlob_Lava ($item_bombblob_lava) (Blob Bomb: Lava)", 1550709540, "ZNetView, ZSyncTransform, ItemDrop"
"BombBlob_Lava_projectile", -743342626, "Projectile, ZNetView, ZSyncTransform"
"BombBlob_Poison ($item_bombblob_poison) (Blob Bomb: Poison)", -717263366, "ZNetView, ZSyncTransform, ItemDrop"
"BombBlob_Poison_projectile", 1442705152, "Projectile, ZNetView, ZSyncTransform"
"BombBlob_PoisonElite ($item_bombblob_poisonelite) (Blob Bomb: Elite Poison)", 1421903471, "ZNetView, ZSyncTransform, ItemDrop"
"BombBlob_PoisonElite_projectile", -530744255, "Projectile, ZNetView, ZSyncTransform"
"BombBlob_Tar ($item_bombblob_tar) (Blob Bomb: Tar)", -1964538407, "ZNetView, ZSyncTransform, ItemDrop"
"BombBlob_Tar_projectile", -1627779525, "Projectile, ZNetView, ZSyncTransform"
"BombLava ($item_lavabomb) (Basalt Bomb)", 750264696, "ZNetView, ZSyncTransform, ItemDrop"
"BombOoze ($item_oozebomb) (Ooze Bomb)", -96710263, "ZNetView, ZSyncTransform, ItemDrop"
"BombSiege ($item_catapult_ammo) (Explosive Payload)", -1449951241, "ZNetView, ZSyncTransform, ItemDrop"
"BombSmoke ($item_smokebomb) (Smoke Bomb)", 1084066905, "ZNetView, ZSyncTransform, ItemDrop"
"bone_stack", 1030887631, "ZNetView, Piece, WearNTear"
"BoneFragments ($item_bonefragments) (Bone Fragments)", 1190462933, "ZNetView, ZSyncTransform, ItemDrop"
"Bonemass", -146537656, "Humanoid, ZNetView, ZSyncTransform, ZSyncAnimation, MonsterAI, CharacterDrop, VisEquipment"
"bonemass_aoe", -741676700, "ZNetView, Aoe"
"bonemass_throw_projectile", 1289546541, "Projectile, ZNetView, ZSyncTransform"
"BonemawSerpent", 1255899486, "Humanoid, ZNetView, ZSyncTransform, ZSyncAnimation, MonsterAI, CharacterDrop, Tail"
"BonemawSerpent_breath_aoe", -599910919, "ZNetView, ZSyncTransform, Aoe"
"BonemawSerpent_projectile", -1437157460, "Projectile, ZNetView, ZSyncTransform"
"BoneMawSerpentMeat ($item_bonemawmeat) (Bonemaw Meat)", 1679463535, "ZNetView, ZSyncTransform, ItemDrop, Floating"
"BonemawSerpentScale ($item_bonemawscale) (Bonemaw Scale)", -2094570284, "ZNetView, ZSyncTransform, ItemDrop"
"BonemawSerpentTooth ($item_bonemawtooth) (Bonemaw Tooth)", 506454164, "ZNetView, ZSyncTransform, ItemDrop, Floating"
"BonePileSpawner ($enemy_skeletonspawner) (Evil Bone Pile)", 1577361568, "ZNetView, Destructible, SpawnArea, HoverText"
"bonfire", -999191493, "Piece, ZNetView, Fireplace, CinderSpawner, WearNTear"
"BossStone_Bonemass", -1521109453, "ZNetView, BossStone, RuneStone"
"BossStone_DragonQueen", 1216631312, "ZNetView, BossStone, RuneStone"
"BossStone_Eikthyr", -1399780559, "ZNetView, BossStone, RuneStone"
"BossStone_Fader", 1230282261, "ZNetView, BossStone, RuneStone"
"BossStone_TheElder", -1784287464, "ZNetView, BossStone, RuneStone"
"BossStone_TheQueen", -774724014, "ZNetView, BossStone, RuneStone"
"BossStone_Yagluth", -636214073, "ZNetView, BossStone, RuneStone"
"Bow ($item_bow) (Crude Bow)", 1502599522, "ZNetView, ZSyncTransform, ItemDrop, Floating"
"bow_projectile", 1261559868, "Projectile, ZNetView, ZSyncTransform"
"bow_projectile_bronze", 530963517, "Projectile, ZNetView, ZSyncTransform"
"bow_projectile_carapace", -1438008887, "Projectile, ZNetView, ZSyncTransform"
"bow_projectile_charred", 495563008, "Projectile, ZNetView, ZSyncTransform"
"bow_projectile_fire", -1686607761, "Projectile, CinderSpawner, ZNetView, ZSyncTransform"
"bow_projectile_flint", -1521618932, "Projectile, ZNetView, ZSyncTransform"
"bow_projectile_frost", -755455001, "Projectile, ZNetView, ZSyncTransform"
"bow_projectile_iron", -1236268379, "Projectile, ZNetView, ZSyncTransform"
"bow_projectile_needle", -1829892894, "Projectile, ZNetView, ZSyncTransform"
"bow_projectile_obsidian", 181889736, "Projectile, ZNetView, ZSyncTransform"
"bow_projectile_poison", 752202755, "Projectile, ZNetView, ZSyncTransform"
"bow_projectile_silver", 53561528, "Projectile, ZNetView, ZSyncTransform"
"BowAshlands ($item_bow_ashlands) (Ash Fang)", -421851952, "ZNetView, ZSyncTransform, ItemDrop, Floating"
"BowAshlandsBlood ($item_bow_ashlandsblood) (Blood Fang)", -715879556, "ZNetView, ZSyncTransform, ItemDrop, Floating"
"BowAshlandsRoot ($item_bow_ashlandsroot) (Root Fang)", 642947408, "ZNetView, ZSyncTransform, ItemDrop, Floating"
"BowAshlandsStorm ($item_bow_ashlandsstorm) (Storm Fang)", -1559428633, "ZNetView, ZSyncTransform, ItemDrop, Floating"
"BowDraugrFang ($item_bow_draugrfang) (Draugr Fang)", -1470815101, "ZNetView, ZSyncTransform, ItemDrop, Floating"
"BowFineWood ($item_bow_finewood) (Finewood Bow)", 1304037785, "ZNetView, ZSyncTransform, ItemDrop, Floating"
"BowHuntsman ($item_bow_huntsman) (Huntsman Bow)", 1410944776, "ZNetView, ZSyncTransform, ItemDrop, Floating"
"BowSpineSnap ($item_bow_snipesnap) (Spinesnap)", -49112013, "ZNetView, ZSyncTransform, ItemDrop, Floating"
"Bread ($item_bread) (Bread)", 1185250548, "ZNetView, ZSyncTransform, ItemDrop, Piece, WearNTear"
"BreadDough ($item_breaddough) (Bread Dough)", -787066183, "ZNetView, ZSyncTransform, ItemDrop"
"Bronze ($item_bronze) (Bronze)", -630222754, "ZNetView, ZSyncTransform, ItemDrop"
"BronzeNails ($item_bronzenails) (Bronze Nails)", -1729390917, "ZNetView, ZSyncTransform, ItemDrop"
"BronzeScrap ($item_bronzescrap) (Scrap Bronze)", 4675961, "ZNetView, ZSyncTransform, ItemDrop"
"bronzespear_projectile", 2013693133, "Projectile, ZNetView, ZSyncTransform"
"bucket", -29074708, "ZNetView, ZSyncTransform, Destructible"
"BugMeat ($item_bug_meat) (Seeker Meat)", 528336477, "ZNetView, ZSyncTransform, ItemDrop"
"Bush01", 548904977, "Destructible, ZNetView, StaticPhysics, DropOnDestroyed"
"Bush01_heath", -1798873102, "Destructible, ZNetView, StaticPhysics, DropOnDestroyed"
"Bush02_en", -136568224, "Destructible, ZNetView, StaticPhysics, DropOnDestroyed, LodFadeInOut"
"Candle_resin", 585806441, "ZNetView, Piece, WearNTear, Fireplace"
"Candle_resin_bogwitch", 644389765, "ZNetView, Piece"
"CandleWick ($item_candlewick) (Candle Wick)", 1533665363, "ZNetView, ZSyncTransform, ItemDrop"
"CapeAsh ($item_cape_ash) (Ashen Cape)", -599163751, "ZNetView, ZSyncTransform, ItemDrop"
"CapeAsksvin ($item_cape_asksvin) (Asksvin Cloak)", -1773030036, "ZNetView, ZSyncTransform, ItemDrop"
"CapeDeerHide ($item_cape_deerhide) (Deer Hide Cape)", 1624045309, "ZNetView, ZSyncTransform, ItemDrop"
"CapeFeather ($item_cape_feather) (Feather Cape)", 2134397716, "ZNetView, ZSyncTransform, ItemDrop"
"CapeLinen ($item_cape_linen) (Linen Cape)", -1893623813, "ZNetView, ZSyncTransform, ItemDrop"
"CapeLox ($item_cape_lox) (Lox Cape)", 1726435208, "ZNetView, ZSyncTransform, ItemDrop"
"CapeOdin ($item_cape_odin) (Cape of Odin)", -320326905, "ZNetView, ZSyncTransform, ItemDrop"
"CapeTest (CAPE TEST) (CAPE TEST)", 1790203521, "ZNetView, ZSyncTransform, ItemDrop"
"CapeTrollHide ($item_cape_trollhide) (Troll Hide Cape)", -1068315380, "ZNetView, ZSyncTransform, ItemDrop"
"CapeWolf ($item_cape_wolf) (Wolf Fur Cape)", -2108127691, "ZNetView, ZSyncTransform, ItemDrop"
"Carapace ($item_carapace) (Carapace)", 662706540, "ZNetView, ZSyncTransform, ItemDrop"
"CargoCrate", -366938831, "ZNetView, Container, ZSyncTransform, Floating, Destructible"
"Carrot ($item_carrot) (Carrot)", 1209145989, "ZNetView, ZSyncTransform, ItemDrop, Piece, WearNTear"
"CarrotSeeds ($item_carrotseeds) (Carrot Seeds)", -743867699, "ZNetView, ZSyncTransform, ItemDrop"
"CarrotSoup ($item_carrotsoup) (Carrot Soup)", 248039118, "ZNetView, ZSyncTransform, ItemDrop, Piece, WearNTear"
"Cart", 49675204, "Vagon, Floating, ZNetView, ZSyncTransform, Piece, WearNTear, ImpactEffect, DisableInPlacementGhost"
"CastleKit_braided_box01", -1807421665, "ZNetView, ZSyncTransform, Destructible, Floating"
"CastleKit_brazier", 709785924, "ZNetView, Destructible, DropOnDestroyed"
"CastleKit_groundtorch", 1477467946, "ZNetView, WearNTear"
"CastleKit_groundtorch_blue", -925784261, "ZNetView, WearNTear"
"CastleKit_groundtorch_green", -524464010, "ZNetView, WearNTear"
"CastleKit_groundtorch_unlit", 1814971431, "ZNetView, WearNTear, Fireplace"
"CastleKit_metal_groundtorch_unlit", 1312507201, "ZNetView, Destructible"
"CastleKit_pot03", 206059549, "ZNetView, ZSyncTransform"
"Catapult", 1146805026, "Vagon, Catapult, Floating, ZNetView, ZSyncTransform, Piece, WearNTear, ImpactEffect, DisableInPlacementGhost"
"Catapult_ammo ($item_catapult_training_ammo) (Grausten Payload)", -2021190469, "ZNetView, ZSyncTransform, ItemDrop"
"Catapult_Ammo_Projectile", 1795872529, "Projectile, ZNetView, ZSyncTransform"
"Catapult_Ammo_Projectile_AOE", -365863915, "ZNetView, Aoe"
"Catapult_projectile", -661368636, "Projectile, ZNetView, ZSyncTransform"
"cauldron_ext1_spice", -1284852450, "Piece, ZNetView, WearNTear, StationExtension"
"cauldron_ext3_butchertable", -1932932113, "Piece, ZNetView, WearNTear, StationExtension"
"cauldron_ext4_pots", 1470713869, "Piece, ZNetView, WearNTear, StationExtension"
"cauldron_ext5_mortarandpestle", 250710815, "Piece, ZNetView, WearNTear, StationExtension"
"cauldron_ext6_rollingpins", 1758427888, "Piece, ZNetView, WearNTear, StationExtension"
"caverock_ice_pillar_wall", -150393364, "ZNetView, Destructible, MaterialVariationWorld"
"caverock_ice_stalagmite", -2053541920, "ZNetView, Destructible, MaterialVariationWorld"
"caverock_ice_stalagmite_broken", -1349061296, "ZNetView, Destructible, MaterialVariationWorld"
"caverock_ice_stalagmite_destruction", 1935032255, "ZNetView, Gibber, MaterialVariationWorld"
"caverock_ice_stalagtite", -494364525, "ZNetView, Destructible, MaterialVariationWorld"
"caverock_ice_stalagtite_destruction", -691410382, "ZNetView, Gibber, MaterialVariationWorld"
"caverock_ice_stalagtite_falling", -15162285, "ZNetView, ZSyncTransform, ImpactEffect, Floating, TreeLog, MaterialVariationWorld"
"caverock_ice_wall_destruction", -481743960, "ZNetView, Gibber, MaterialVariationWorld"
"CelestialFeather ($item_celestialfeather) (Celestial Feather)", -1747874743, "ZNetView, ZSyncTransform, ItemDrop"
"CeramicPlate ($item_ceramicplate) (Ceramic Plate)", -559501202, "ZNetView, ZSyncTransform, ItemDrop"
"Chain ($item_chain) (Chain)", 1534575709, "ZNetView, ZSyncTransform, ItemDrop"
"ChainLightning", -376855183, "ZNetView, CamShaker, Aoe"
"charcoal_kiln", 816862660, "Piece, ZNetView, Smelter, WearNTear"
"CharcoalResin ($item_charcoalresin) (Charcoal Resin)", 1051414138, "ZNetView, ZSyncTransform, ItemDrop"
"Charred_altar_bellfragment", 1504634878, "Destructible, ZNetView, DropOnDestroyed"
"Charred_Archer", 396764791, "Humanoid, ZNetView, ZSyncTransform, ZSyncAnimation, MonsterAI, CharacterDrop, VisEquipment, FootStep"
"Charred_Archer_Fader", -157852226, "Humanoid, ZNetView, ZSyncTransform, ZSyncAnimation, MonsterAI, CharacterDrop, VisEquipment, FootStep"
"charred_bow (Bow) (Bow)", 1804879894, "ZNetView, ZSyncTransform, ItemDrop"
"charred_bow_Fader (Bow) (Bow)", -333531703, "ZNetView, ZSyncTransform, ItemDrop"
"charred_bow_Fader_projectile", -1544139501, "Projectile, ZNetView, ZSyncTransform"
"charred_bow_projectile", 307230736, "Projectile, ZNetView, ZSyncTransform"
"charred_bow_volley (Bow) (Bow)", -1283522298, "ZNetView, ZSyncTransform, ItemDrop"
"charred_bow_volley_Fader (Bow) (Bow)", -2062909477, "ZNetView, ZSyncTransform, ItemDrop"
"charred_bow_volley_Fader_projectile", -1829699303, "Projectile, ZNetView, ZSyncTransform"
"charred_bow_volley_projectile", 183141556, "Projectile, ZNetView, ZSyncTransform"
"Charred_Breastplate (Iron plate armor) (Iron plate armor)", -616503917, "ZNetView, ZSyncTransform, ItemDrop"
"charred_dyrnwyn_greatsword_feint (Charred Sword) (Charred Sword)", 771866541, "ZNetView, ZSyncTransform, ItemDrop"
"charred_dyrnwyn_greatsword_swing (Charred Sword) (Charred Sword)", -610909483, "ZNetView, ZSyncTransform, ItemDrop"
"charred_dyrnwyn_greatsword_thrust (Charred Sword) (Charred Sword)", -788341171, "ZNetView, ZSyncTransform, ItemDrop"
"charred_dyrnwyn_greatsword_thrustfeint (Charred Sword) (Charred Sword)", 450855077, "ZNetView, ZSyncTransform, ItemDrop"
"charred_fader_greatsword_feint (Charred Sword) (Charred Sword)", -1843990068, "ZNetView, ZSyncTransform, ItemDrop"
"charred_fader_greatsword_swing (Charred Sword) (Charred Sword)", 1615939324, "ZNetView, ZSyncTransform, ItemDrop"
"charred_fader_greatsword_thrust (Charred Sword) (Charred Sword)", 316961636, "ZNetView, ZSyncTransform, ItemDrop"
"charred_fader_greatsword_thrustfeint (Charred Sword) (Charred Sword)", -1427738378, "ZNetView, ZSyncTransform, ItemDrop"
"charred_fireball_aoe", 1103603291, "ZNetView, ZSyncTransform, Aoe"
"charred_fireball_projectile", -1078922591, "Projectile, ZNetView, ZSyncTransform"
"charred_greatsword_feint (Charred Sword) (Charred Sword)", 1666562719, "ZNetView, ZSyncTransform, ItemDrop"
"charred_greatsword_swing (Charred Sword) (Charred Sword)", 340725955, "ZNetView, ZSyncTransform, ItemDrop"
"charred_greatsword_thrust (Charred Sword) (Charred Sword)", -1757804581, "ZNetView, ZSyncTransform, ItemDrop"
"charred_greatsword_thrustfeint (Charred Sword) (Charred Sword)", 1219634943, "ZNetView, ZSyncTransform, ItemDrop"
"Charred_Helmet (Iron plate armor) (Iron plate armor)", -817274387, "ZNetView, ZSyncTransform, ItemDrop"
"Charred_HipCloth (Iron plate armor) (Iron plate armor)", -1704281991, "ZNetView, ZSyncTransform, ItemDrop"
"Charred_Mage", -1182427104, "Humanoid, ZNetView, ZSyncTransform, ZSyncAnimation, MonsterAI, CharacterDrop, VisEquipment, FootStep"
"Charred_MageCloths (Iron plate armor) (Iron plate armor)", -569203087, "ZNetView, ZSyncTransform, ItemDrop"
"charred_magestaff_fire (Bow) (Bow)", 1443876123, "ZNetView, ZSyncTransform, ItemDrop"
"charred_magestaff_summon (Bow) (Bow)", -1537096992, "ZNetView, ZSyncTransform, ItemDrop"
"Charred_Melee", -1073412722, "Humanoid, ZNetView, ZSyncTransform, ZSyncAnimation, MonsterAI, CharacterDrop, VisEquipment, FootStep"
"Charred_Melee_Dyrnwyn", -222214338, "Humanoid, ZNetView, ZSyncTransform, ZSyncAnimation, MonsterAI, CharacterDrop, VisEquipment, FootStep"
"Charred_Melee_Fader", -235345157, "Humanoid, ZNetView, ZSyncTransform, ZSyncAnimation, MonsterAI, CharacterDrop, VisEquipment, FootStep"
"Charred_Melee_Ragdoll", 776046082, "ZNetView, Ragdoll, VisEquipment"
"charred_shieldgenerator", 1025009092, "ShieldGenerator, Piece, ZNetView, WearNTear"
"Charred_Twitcher", -967197066, "Humanoid, ZNetView, ZSyncTransform, ZSyncAnimation, MonsterAI, CharacterDrop, VisEquipment, FootStep"
"charred_twitcher_projectile", 586523928, "Projectile, ZNetView, ZSyncTransform"
"charred_twitcher_scratch_l (Charred Sword) (Charred Sword)", 975502988, "ZNetView, ZSyncTransform, ItemDrop"
"charred_twitcher_scratch_r (Charred Sword) (Charred Sword)", 1782072042, "ZNetView, ZSyncTransform, ItemDrop"
"Charred_Twitcher_Summoned", 801248271, "Humanoid, ZNetView, ZSyncTransform, ZSyncAnimation, MonsterAI, CharacterDrop, VisEquipment, FootStep"
"charred_twitcher_throw (Bow) (Bow)", 1638594227, "ZNetView, ZSyncTransform, ItemDrop"
"CharredBanner1", -2010027434, "ZNetView, WearNTear, DropOnDestroyed"
"CharredBanner2", 718855921, "ZNetView, WearNTear, DropOnDestroyed"
"CharredBanner3", -847228020, "ZNetView, WearNTear, DropOnDestroyed"
"CharredBone ($item_charredbone) (Charred Bone)", 443137929, "ZNetView, ZSyncTransform, ItemDrop"
"CharredCogwheel ($item_charredcogwheel) (Charred Cogwheel)", -881507777, "ZNetView, ZSyncTransform, ItemDrop"
"Charredfortress_LOD", -919427473, "ZNetView"
"Charredskull ($item_charredskull) (Charred Skull)", 1628953990, "ZNetView, ZSyncTransform, ItemDrop"
"Chest", -696914899, "ZNetView, ZSyncTransform, Container"
"chest_hildir1 ($item_chest_hildir1) (Hildir's Brass Chest)", -1640747999, "ZNetView, ZSyncTransform, Floating, ItemDrop"
"chest_hildir2 ($item_chest_hildir2) (Hildir's Silver Chest)", -1640748002, "ZNetView, ZSyncTransform, Floating, ItemDrop"
"chest_hildir3 ($item_chest_hildir3) (Hildir's Bronze Chest)", -1640748001, "ZNetView, ZSyncTransform, Floating, ItemDrop"
"Chicken", 1534661025, "Humanoid, AnimalAI, ZNetView, ZSyncTransform, ZSyncAnimation, Growup, CharacterDrop"
"ChickenEgg ($item_chicken_egg) (Egg)", -361224582, "ZNetView, ZSyncTransform, EggGrow, ItemDrop"
"ChickenMeat ($item_chicken_meat) (Chicken Meat)", 1828514878, "ZNetView, ZSyncTransform, ItemDrop"
"Chitin ($item_chitin) (Chitin)", -91716071, "ZNetView, ZSyncTransform, ItemDrop"
"Cinder", -1012338385, "Cinder, ZNetView, TimedDestruction"
"Cinder_campfire", 1966933295, "Cinder, ZNetView, TimedDestruction"
"CinderSky", -2113496644, "Cinder, ZNetView, TimedDestruction"
"CinderStorm", 1870984840, "Cinder, ZNetView, TimedDestruction"
"cliff_ashlands_Arch_frac", 1565293917, "ZNetView, LodFadeInOut, MineRock5"
"cliff_ashlands1", -1661430002, "ZNetView, LodFadeInOut, Destructible, StaticPhysics"
"cliff_ashlands1_frac", -1799127041, "ZNetView, LodFadeInOut, MineRock5"
"cliff_ashlands2", -1661429999, "ZNetView, LodFadeInOut, Destructible, StaticPhysics"
"cliff_ashlands2_frac", -1799121796, "ZNetView, LodFadeInOut, MineRock5"
"cliff_ashlands3_Arch_1", 624084809, "ZNetView, LodFadeInOut, Destructible"
"cliff_ashlands4", -1661430005, "ZNetView, LodFadeInOut, Destructible, StaticPhysics"
"cliff_ashlands4_frac", -1799123710, "ZNetView, LodFadeInOut, MineRock5"
"cliff_ashlands5", -1661430006, "ZNetView, LodFadeInOut, Destructible, StaticPhysics"
"cliff_ashlands6", -1661430003, "ZNetView, LodFadeInOut, Destructible, StaticPhysics"
"cliff_ashlands6_frac", -1799125888, "ZNetView, LodFadeInOut, MineRock5"
"cliff_ashlands7_HalfArch", -689057020, "ZNetView, LodFadeInOut, Destructible"
"cliff_ashlands7_HalfArch_frac", 843537037, "ZNetView, LodFadeInOut, MineRock5"
"cliff_ashlands8", -1661429993, "ZNetView, LodFadeInOut, Destructible, StaticPhysics"
"cliff_ashlandsflowrock_frac", -107866523, "ZNetView, LodFadeInOut, MineRock5"
"cliff_mistlands1", -154208029, "ZNetView, LodFadeInOut, Destructible"
"cliff_mistlands1_creep", 1350859097, "ZNetView, LodFadeInOut, Destructible"
"cliff_mistlands1_creep_frac", -1580587000, "ZNetView, LodFadeInOut, MineRock5"
"cliff_mistlands1_frac", -1437351074, "ZNetView, LodFadeInOut, MineRock5"
"cliff_mistlands2", 1411875912, "ZNetView, LodFadeInOut, Destructible"
"cliff_mistlands2_frac", 1049096569, "ZNetView, LodFadeInOut, MineRock5"
"cloth_hanging_door", -1049634774, "Destructible, ZNetView, DropOnDestroyed"
"cloth_hanging_door_double", -691115746, "Destructible, ZNetView, DropOnDestroyed"
"cloth_hanging_long", 1773356668, "Destructible, ZNetView, DropOnDestroyed"
"Cloudberry ($item_cloudberries) (Cloudberries)", -1899504733, "ZNetView, ZSyncTransform, ItemDrop, Piece, WearNTear"
"CloudberryBush", 940750515, "Destructible, ZNetView, Pickable, StaticPhysics"
"Club ($item_club) (Club)", 829393066, "ZNetView, ZSyncTransform, ItemDrop, Floating"
"Coal ($item_coal) (Coal)", 204392453, "ZNetView, ZSyncTransform, ItemDrop"
"coal_pile", 1803366038, "ZNetView, Piece, WearNTear"
"Coins ($item_coins) (Coins)", 1554778960, "ZNetView, ZSyncTransform, ItemDrop"
"CookedAsksvinMeat ($item_asksvin_meat_cooked) (Cooked Asksvin Tail)", -1497409489, "ZNetView, ZSyncTransform, ItemDrop, Piece, WearNTear"
"CookedBjornMeat ($item_bjorn_meat_cooked) (Cooked Bear Meat)", -335094221, "ZNetView, ZSyncTransform, ItemDrop, Piece, WearNTear"
"CookedBoneMawSerpentMeat ($item_bonemawmeat_cooked) (Cooked Bonemaw Meat)", -84633224, "ZNetView, ZSyncTransform, ItemDrop, Floating, Piece, WearNTear"
"CookedBugMeat ($item_bug_meat_cooked) (Cooked Seeker Meat)", -1431804988, "ZNetView, ZSyncTransform, ItemDrop, Piece, WearNTear"
"CookedChickenMeat ($item_chicken_meat_cooked) (Cooked Chicken Meat)", -68620523, "ZNetView, ZSyncTransform, ItemDrop, Piece, WearNTear"
"CookedDeerMeat ($item_deer_meat_cooked) (Cooked Deer Meat)", -1559009424, "ZNetView, ZSyncTransform, ItemDrop, Piece, WearNTear"
"CookedEgg ($item_egg_cooked) (Cooked Egg)", 694889784, "ZNetView, ZSyncTransform, ItemDrop, Piece, WearNTear"
"CookedHareMeat ($item_hare_meat_cooked) (Cooked Hare Meat)", 264964714, "ZNetView, ZSyncTransform, ItemDrop, Piece, WearNTear"
"CookedLoxMeat ($item_loxmeat_cooked) (Cooked Lox Meat)", -687491193, "ZNetView, ZSyncTransform, ItemDrop, Piece, WearNTear"
"CookedMeat ($item_boar_meat_cooked) (Cooked Boar Meat)", -90783900, "ZNetView, ZSyncTransform, ItemDrop, Piece, WearNTear"
"CookedWolfMeat ($item_wolf_meat_cooked) (Cooked Wolf Meat)", -1357090580, "ZNetView, ZSyncTransform, ItemDrop, Piece, WearNTear"
"CookedVoltureMeat ($item_volture_meat_cooked) (Cooked Volture Meat)", -1228635177, "ZNetView, ZSyncTransform, ItemDrop, Piece, WearNTear"
"Copper ($item_copper) (Copper)", 1428605659, "ZNetView, ZSyncTransform, ItemDrop"
"CopperOre ($item_copperore) (Copper Ore)", 1868171867, "ZNetView, ZSyncTransform, ItemDrop"
"CopperScrap ($item_copperscrap) (Copper Scrap)", -2143218796, "ZNetView, ZSyncTransform, ItemDrop"
"CreepProp_egg_hanging01", 1253270340, "ZNetView, Destructible, DropOnDestroyed"
"CreepProp_egg_hanging02", 1253270339, "ZNetView"
"CreepProp_entrance1", 1628302764, "ZNetView"
"CreepProp_entrance2", 1628302761, "ZNetView"
"CreepProp_hanging01", 166421754, "ZNetView, Destructible"
"CreepProp_wall01", 388304576, "ZNetView"
"CrossbowArbalest ($item_crossbow_arbalest) (Arbalest)", -259499256, "ZNetView, ZSyncTransform, ItemDrop, Floating"
"CrossbowRipper ($item_crossbow_ripper) (Ripper)", -2146687212, "ZNetView, ZSyncTransform, ItemDrop, Floating"
"CrossbowRipperBlood ($item_crossbow_ripper_blood) (Wound Ripper)", 746058840, "ZNetView, ZSyncTransform, ItemDrop, Floating"
"CrossbowRipperLightning ($item_crossbow_ripper_lightning) (Storm Ripper)", -214845366, "ZNetView, ZSyncTransform, ItemDrop, Floating"
"CrossbowRipperNature ($item_crossbow_ripper_nature) (Root Ripper)", -887056399, "ZNetView, ZSyncTransform, ItemDrop, Floating"
"Crow", 903556745, "RandomFlyingBird, ZNetView, ZSyncTransform, ZSyncAnimation, Destructible, DropOnDestroyed"
"crypt_skeleton_chest ($ancient_chest) (Ancient Coffin)", -1346322042, "ZNetView, Destructible, DropOnDestroyed, HoverText, EggHatch, MaterialVariationWorld"
"CryptKey ($item_cryptkey) (Swamp Key)", 1014536855, "ZNetView, ZSyncTransform, ItemDrop, Floating"
"Crystal ($item_crystal) (Crystal)", 908712672, "ZNetView, ZSyncTransform, ItemDrop"
"crystal_wall_1x1", 650075310, "Piece, ZNetView, WearNTear"
"cultivate", -1005613019, "ZNetView, Piece, TerrainModifier"
"Cultivator ($item_cultivator) (Cultivator)", -1130499279, "ZNetView, ZSyncTransform, ItemDrop"
"CuredSquirrelHamstring ($item_curedsquirrelhamstring) (Cured Squirrel Hamstring)", -1473823425, "ZNetView, ZSyncTransform, ItemDrop"
"Dandelion ($item_dandelion) (Dandelion)", 1288940892, "ZNetView, ZSyncTransform, ItemDrop"
"darkwood_arch", 463424268, "Piece, ZNetView, WearNTear"
"darkwood_beam", -840537217, "Piece, ZNetView, WearNTear"
"darkwood_beam_26", -581430636, "Piece, ZNetView, WearNTear"
"darkwood_beam_45", 2147452713, "Piece, ZNetView, WearNTear"
"darkwood_beam4x4", -791142009, "Piece, ZNetView, WearNTear"
"darkwood_decowall", 1429703979, "Piece, ZNetView, WearNTear"
"darkwood_gate", 1276642083, "Piece, ZNetView, WearNTear, Door"
"darkwood_pole", -1351226314, "Piece, ZNetView, WearNTear"
"darkwood_pole4", -1211998438, "Piece, ZNetView, WearNTear"
"darkwood_raven", 1646817558, "Piece, ZNetView, WearNTear"
"darkwood_roof", 255263578, "Piece, ZNetView, WearNTear"
"darkwood_roof_45", -1271098328, "Piece, ZNetView, WearNTear"
"darkwood_roof_icorner", -1737626015, "Piece, ZNetView, WearNTear"
"darkwood_roof_icorner_45", 740898699, "Piece, ZNetView, WearNTear"
"darkwood_roof_ocorner", -1737832933, "Piece, ZNetView, WearNTear"
"darkwood_roof_ocorner_45", 734070413, "Piece, ZNetView, WearNTear"
"darkwood_roof_top", 360656326, "Piece, ZNetView, WearNTear"
"darkwood_roof_top_45", 1645551772, "Piece, ZNetView, WearNTear"
"darkwood_wolf", -403494760, "Piece, ZNetView, WearNTear"
"dead_deer", 1619070209, "ZNetView, ZSyncTransform, TimedDestruction"
"Deathsquito", -1609638819, "Humanoid, ZNetView, ZSyncTransform, ZSyncAnimation, MonsterAI, CharacterDrop"
"Deathsquito_sting (Wraith melee) (Wraith melee)", -361803535, "ZNetView, ZSyncTransform, ItemDrop"
"Deer", 291594142, "Character, CharacterDrop, ZNetView, ZSyncTransform, ZSyncAnimation, AnimalAI, FootStep"
"deer_ragdoll", -555931738, "ZNetView, Ragdoll"
"DeerGodExplosion", 648911439, "ZNetView, Aoe"
"DeerHide ($item_deerhide) (Deer Hide)", 705284766, "ZNetView, ZSyncTransform, ItemDrop"
"DeerMeat ($item_deer_meat) (Deer Meat)", -1519557673, "ZNetView, ZSyncTransform, ItemDrop"
"DeerStew ($item_deerstew) (Deer Stew)", -1170233273, "ZNetView, ZSyncTransform, ItemDrop, Piece, WearNTear"
"Demister ($item_demister) (Wisplight)", 23489701, "ZNetView, ZSyncTransform, ItemDrop, Floating"
"demister_ball", -1034606963, "ZNetView, ZSyncTransform"
"DG_AshlandRuins", -168454256, "DungeonGenerator, ZNetView"
"DG_Cave", 497418925, "DungeonGenerator, ZNetView"
"DG_DvergrBoss", -985216323, "DungeonGenerator, ZNetView"
"DG_DvergrTown", 90381292, "DungeonGenerator, ZNetView"
"DG_ForestCrypt", -1277205767, "DungeonGenerator, ZNetView"
"DG_FortressRuins", -1543667613, "DungeonGenerator, ZNetView"
"DG_GoblinCamp", 322846882, "DungeonGenerator, ZNetView"
"DG_Hildir_Cave", -35232328, "DungeonGenerator, ZNetView"
"DG_Hildir_ForestCrypt", 187194532, "DungeonGenerator, ZNetView"
"DG_Hildir_PlainsFortress", 450035874, "DungeonGenerator, ZNetView"
"DG_MeadowsFarm", -1118485742, "DungeonGenerator, ZNetView"
"DG_MeadowsVillage", 797712294, "DungeonGenerator, ZNetView"
"DG_SunkenCrypt", -446811472, "DungeonGenerator, ZNetView"
"digg", -2000248195, "ZNetView, TerrainModifier"
"digg_v2", -1544763428, "ZNetView, TerrainModifier"
"Dragon", -408509179, "Humanoid, ZNetView, ZSyncTransform, ZSyncAnimation, MonsterAI, CharacterDrop, FootStep"
"dragon_ice_projectile", -1680081557, "Projectile, ZNetView, ZSyncTransform"
"DragonEgg ($item_dragonegg) (Dragon Egg)", -1736688790, "ZNetView, ZSyncTransform, ItemDrop, Floating"
"dragoneggcup", 1178524842, "ItemStand, ZNetView"
"DragonTear ($item_dragontear) (Dragon Tear)", -1719994617, "ZNetView, ZSyncTransform, ItemDrop, Floating, Floating"
"Draugr", 505464631, "Humanoid, ZNetView, ZSyncTransform, ZSyncAnimation, MonsterAI, CharacterDrop, VisEquipment, FootStep"
"draugr_arrow (Ironhead arrow) (Ironhead arrow)", 1799389161, "ZNetView, ZSyncTransform, ItemDrop"
"draugr_axe (Dragur axe) (Dragur axe)", -896645116, "ZNetView, ZSyncTransform, ItemDrop"
"draugr_bow (Bow) (Bow)", -1488146288, "ZNetView, ZSyncTransform, ItemDrop"
"draugr_bow_projectile", 1671731874, "Projectile, ZNetView, ZSyncTransform"
"Draugr_Elite", 437915453, "Humanoid, ZNetView, ZSyncTransform, ZSyncAnimation, MonsterAI, CharacterDrop, VisEquipment, FootStep"
"Draugr_elite_ragdoll", 124978337, "ZNetView, Ragdoll, VisEquipment"
"Draugr_ragdoll", 1394133807, "ZNetView, Ragdoll, VisEquipment"
"Draugr_Ranged", 515141415, "Humanoid, ZNetView, ZSyncTransform, ZSyncAnimation, MonsterAI, CharacterDrop, VisEquipment, FootStep"
"Draugr_ranged_ragdoll", -2052189689, "ZNetView, Ragdoll, VisEquipment"
"draugr_sword (Dragur axe) (Dragur axe)", 1986762565, "ZNetView, ZSyncTransform, ItemDrop"
"dungeon_forestcrypt_door", -1481786749, "ZNetView, WearNTear, Door, StaticTarget"
"dungeon_queen_door", 2080330686, "ZNetView, Door"
"dungeon_sunkencrypt_irongate", -647334815, "ZNetView, WearNTear, Door"
"dungeon_sunkencrypt_irongate_rusty ($piece_irongate) (Iron Gate)", 1631935371, "ZNetView, WearNTear, HoverText, DropOnDestroyed"
"Dverger", 1283200037, "Humanoid, ZNetView, ZSyncTransform, ZSyncAnimation, MonsterAI, CharacterDrop, VisEquipment, FootStep, NpcTalk"
"dverger_demister", -834617117, "ZNetView, WearNTear"
"dverger_demister_broken", -508728573, "ZNetView, WearNTear"
"dverger_demister_large", -411796343, "ZNetView, WearNTear"
"dverger_demister_ruins", 617126599, "ZNetView, WearNTear"
"dverger_guardstone", -1176046110, "Piece, ZNetView, WearNTear, PrivateArea"
"Dverger_ragdoll", -1261409471, "ZNetView, Ragdoll, VisEquipment"
"DvergerArbalest ($item_crossbow_arbalest) (Arbalest)", -704394069, "ZNetView, ZSyncTransform, ItemDrop, Floating"
"DvergerArbalest_projectile", -307893503, "Projectile, ZNetView, ZSyncTransform"
"DvergerArbalest_shoot ($item_crossbow_arbalest) (Arbalest)", -1462438309, "ZNetView, ZSyncTransform, ItemDrop, Floating"
"DvergerArbalest_shootAshlands ($item_crossbow_arbalest) (Arbalest)", 506210133, "ZNetView, ZSyncTransform, ItemDrop, Floating"
"DvergerAshlands", -2044325125, "Humanoid, ZNetView, ZSyncTransform, ZSyncAnimation, MonsterAI, CharacterDrop, VisEquipment, FootStep, NpcTalk"
"DvergerHairFemale (Iron plate armor) (Iron plate armor)", 970414861, "ZNetView, ZSyncTransform, ItemDrop"
"DvergerHairFemale_Redhair (Iron plate armor) (Iron plate armor)", -1278854365, "ZNetView, ZSyncTransform, ItemDrop"
"DvergerHairMale (Iron plate armor) (Iron plate armor)", -584341638, "ZNetView, ZSyncTransform, ItemDrop"
"DvergerHairMale_Redbeard (Iron plate armor) (Iron plate armor)", -1630747580, "ZNetView, ZSyncTransform, ItemDrop"
"DvergerMage", 1911030203, "Humanoid, ZNetView, ZSyncTransform, ZSyncAnimation, MonsterAI, CharacterDrop, VisEquipment, FootStep, NpcTalk"
"DvergerMageFire", -798778629, "Humanoid, ZNetView, ZSyncTransform, ZSyncAnimation, MonsterAI, CharacterDrop, VisEquipment, FootStep, NpcTalk"
"DvergerMageIce", -1727895168, "Humanoid, ZNetView, ZSyncTransform, ZSyncAnimation, MonsterAI, CharacterDrop, VisEquipment, FootStep, NpcTalk"
"DvergerMageSupport", 1379665520, "Humanoid, ZNetView, ZSyncTransform, ZSyncAnimation, MonsterAI, CharacterDrop, VisEquipment, FootStep, NpcTalk"
"DvergerStaffBlocker_blockCircle", 1299032657, "TimedDestruction, ZNetView, ZSyncTransform, Gibber"
"DvergerStaffBlocker_blockCircleBig", 275601489, "TimedDestruction, ZNetView, ZSyncTransform, Gibber"
"DvergerStaffBlocker_blockHemisphere", -1230384245, "TimedDestruction, ZNetView, ZSyncTransform, Gibber"
"DvergerStaffBlocker_blockU", 2105931020, "TimedDestruction, ZNetView, Gibber"
"DvergerStaffBlocker_blockWall", -981014735, "TimedDestruction, ZNetView, Gibber"
"DvergerStaffBlocker_projectile", -936573297, "Projectile, ZNetView, ZSyncTransform"
"DvergerStaffFire (Club) (Club)", 701604739, "ItemDrop, ZNetView, ZSyncTransform, Floating"
"DvergerStaffFire_clusterbomb_aoe", 1163892070, "ZNetView, ZSyncTransform, Aoe"
"DvergerStaffFire_clusterbomb_projectile", -1589283964, "Projectile, ZNetView, ZSyncTransform"
"DvergerStaffFire_fire_aoe", 1452519224, "ZNetView, ZSyncTransform, Aoe"
"DvergerStaffFire_fireball_projectile", -1933363631, "Projectile, ZNetView, ZSyncTransform"
"DvergerStaffHeal (Club) (Club)", 1703038983, "ItemDrop, ZNetView, ZSyncTransform, Floating"
"DvergerStaffHeal_aoe", 1931377867, "ZNetView, ZSyncTransform, Aoe"
"DvergerStaffIce (Club) (Club)", 24503566, "ItemDrop, ZNetView, ZSyncTransform, Floating"
"DvergerStaffIce_projectile", 1141102516, "Projectile, ZNetView, ZSyncTransform"
"DvergerStaffNova_aoe", -1543403955, "ZNetView, ZSyncTransform, Aoe"
"DvergerStaffSupport (Club) (Club)", 2132636350, "ItemDrop, ZNetView, ZSyncTransform, Floating"
"DvergerStaffSupport_aoe", 2122935794, "ZNetView, ZSyncTransform, Aoe"
"DvergerSuitArbalest (Iron plate armor) (Iron plate armor)", -1728158308, "ZNetView, ZSyncTransform, ItemDrop"
"DvergerSuitArbalest_Ashlands (Iron plate armor) (Iron plate armor)", 1402895833, "ZNetView, ZSyncTransform, ItemDrop"
"DvergerSuitFire (Iron plate armor) (Iron plate armor)", -993981138, "ZNetView, ZSyncTransform, ItemDrop"
"DvergerSuitIce (Iron plate armor) (Iron plate armor)", -1862079955, "ZNetView, ZSyncTransform, ItemDrop"
"DvergerSuitSupport (Iron plate armor) (Iron plate armor)", 901023621, "ZNetView, ZSyncTransform, ItemDrop"
"DvergerTest", 1924585071, "Humanoid, ZNetView, ZSyncTransform, ZSyncAnimation, MonsterAI, CharacterDrop, RandomAnimation, VisEquipment, FootStep, NpcTalk"
"DvergrKey ($item_dvergrkey) (Sealbreaker)", 1896448127, "ZNetView, ZSyncTransform, ItemDrop"
"DvergrKeyFragment ($item_dvergrkeyfragment) (Sealbreaker Fragment)", -2105977201, "ZNetView, ZSyncTransform, ItemDrop"
"DvergrNeedle ($item_dvergrneedle) (Dvergr Extractor)", 676297687, "ZNetView, ZSyncTransform, ItemDrop"
"dvergrprops_banner", -1896999675, "ZNetView, DropOnDestroyed, WearNTear"
"dvergrprops_barrel", -1977294001, "ZNetView, Destructible, DropOnDestroyed"
"dvergrprops_bed", -1504935776, "ZNetView, DropOnDestroyed, WearNTear"
"dvergrprops_chair", -489276534, "ZNetView, WearNTear, DropOnDestroyed"
"dvergrprops_crate ($piece_crate) (Crate)", -1255181328, "ZNetView, DropOnDestroyed, WearNTear, HoverText, StaticPhysics"
"dvergrprops_crate_ashlands ($piece_crate) (Crate)", -55285267, "ZNetView, DropOnDestroyed, WearNTear, HoverText, StaticPhysics"
"dvergrprops_crate_long ($piece_crate_long) (Dvergr Component Crate)", -2055368539, "ZNetView, DropOnDestroyed, WearNTear, HoverText, StaticPhysics"
"dvergrprops_curtain", -268842449, "ZNetView, DropOnDestroyed, WearNTear"
"dvergrprops_hooknchain", -617286971, "ZNetView, DropOnDestroyed, WearNTear"
"dvergrprops_lantern", 1842886963, "ZNetView, DropOnDestroyed, WearNTear"
"dvergrprops_lantern_standing", 1592482536, "ZNetView, DropOnDestroyed, WearNTear"
"dvergrprops_pickaxe", 52464828, "ZNetView, DropOnDestroyed, Destructible"
"dvergrprops_shelf", 270255633, "ZNetView, DropOnDestroyed, WearNTear"
"dvergrprops_stool", 1883651752, "ZNetView, WearNTear, DropOnDestroyed"
"dvergrprops_table", 808046987, "ZNetView, DropOnDestroyed, WearNTear"
"dvergrprops_wood_beam", -2068097986, "ZNetView, DropOnDestroyed, WearNTear"
"dvergrprops_wood_floor", -461418815, "Piece, ZNetView, WearNTear"
"dvergrprops_wood_pole", 2038910655, "ZNetView, DropOnDestroyed, WearNTear"
"dvergrprops_wood_stair", 918842606, "Piece, ZNetView, WearNTear"
"dvergrprops_wood_stake", -196902639, "ZNetView, DropOnDestroyed, WearNTear"
"dvergrprops_wood_stakewall", 872999015, "ZNetView, DropOnDestroyed, WearNTear, SnapToGround"
"dvergrprops_wood_wall", -185931429, "ZNetView, DropOnDestroyed, WearNTear"
"dvergrtown_arch", 912102389, "Destructible, ZNetView"
"dvergrtown_creep_door", -800886699, "Destructible, ZNetView"
"dvergrtown_secretdoor", 1683665181, "Door, ZNetView"
"dvergrtown_slidingdoor", 766620697, "Door, ZNetView"
"dvergrtown_stair_corner_wood_left", 227217680, "DropOnDestroyed, ZNetView, WearNTear"
"dvergrtown_wood_beam", 1857996392, "ZNetView, Destructible, DropOnDestroyed"
"dvergrtown_wood_crane", 1151373408, "DropOnDestroyed, WearNTear, ZNetView"
"dvergrtown_wood_pole", -2073834717, "ZNetView, Destructible, DropOnDestroyed"
"dvergrtown_wood_stake", -213214859, "ZNetView"
"dvergrtown_wood_stakewall", 2008887427, "ZNetView"
"dvergrtown_wood_support", 747816726, "Destructible, DropOnDestroyed, ZNetView"
"dvergrtown_wood_wall01", 775933644, "ZNetView, Destructible, DropOnDestroyed"
"dvergrtown_wood_wall02", -1952949711, "ZNetView, Destructible, DropOnDestroyed"
"dvergrtown_wood_wall03", -386865770, "ZNetView, Destructible, DropOnDestroyed"
"DyrnwynBladeFragment ($item_Dyrnwyn_blade) (Dyrnwyn Blade Fragment)", 51600563, "ZNetView, ZSyncTransform, ItemDrop"
"DyrnwynHiltFragment ($item_Dyrnwyn_hilt) (Dyrnwyn Hilt Fragment)", 873438154, "ZNetView, ZSyncTransform, ItemDrop"
"DyrnwynTipFragment ($item_Dyrnwyn_tip) (Dyrnwyn Tip Fragment)", 917755518, "ZNetView, ZSyncTransform, ItemDrop"
"Ectoplasm ($item_ectoplasm) (Ectoplasm)", 153820886, "ZNetView, ZSyncTransform, ItemDrop"
"Eikthyr", -938588874, "Humanoid, CharacterDrop, ZNetView, ZSyncTransform, ZSyncAnimation, RandomAnimation, MonsterAI, FootStep"
"eikthyr_ragdoll", -82703974, "Ragdoll, ZNetView"
"Eitr ($item_eitr) (Refined Eitr)", 1985543946, "ZNetView, ZSyncTransform, ItemDrop"
"eitrrefinery", 731966626, "Piece, ZNetView, Smelter, WearNTear"
"ElderBark ($item_elderbark) (Ancient Bark)", 938726216, "ZNetView, ZSyncTransform, ItemDrop, Floating"
"Entrails ($item_entrails) (Entrails)", -1985632376, "ZNetView, ZSyncTransform, ItemDrop"
"eventzone_bonemass", -1796573617, "ZNetView, TimedDestruction, EventZone"
"eventzone_eikthyr", 641614345, "ZNetView, TimedDestruction, EventZone"
"eventzone_fader", -1595012507, "ZNetView, TimedDestruction, EventZone"
"eventzone_gdking", -1815933211, "ZNetView, TimedDestruction, EventZone"
"eventzone_goblinking", -630804645, "ZNetView, TimedDestruction, EventZone"
"eventzone_moder", -264209140, "ZNetView, TimedDestruction, EventZone"
"eventzone_queen", -479547905, "ZNetView, TimedDestruction, EventZone"
"EvilHeart_Forest", -2106312224, "ZNetView, Destructible, SpawnArea, DropOnDestroyed"
"EvilHeart_Swamp", 552253847, "ZNetView, Destructible, SpawnArea, DropOnDestroyed"
"Eyescream ($item_eyescream) (Eyescream)", 1317085082, "ZNetView, ZSyncTransform, ItemDrop, Piece, WearNTear"
"Fader", -1779165830, "Humanoid, ZNetView, ZSyncTransform, ZSyncAnimation, MonsterAI, CharacterDrop, FootStep, MovementDamage, DropProjectileOverDistance"
"fader_bellholder", -1082793664, "ItemStand, ZNetView"
"Fader_DroppedFire_AOE", 564805075, "Aoe, ZNetView"
"Fader_Fissure_AOE", 886357138, "Aoe, CamShaker, ZNetView"
"Fader_Flamebreath_AOE", -743414540, "Aoe, ZNetView"
"Fader_Jump_AOE", 917007069, "Aoe, ZNetView"
"Fader_MeteorSmash_AOE", -1086888377, "Aoe, ZNetView"
"Fader_Roar_Projectile", -40956237, "Projectile, ZNetView, ZSyncTransform"
"Fader_WallOfFire_AOE", -845337098, "Aoe, ZNetView"
"FaderDrop ($item_fader_drop) (Fader Relic)", 1749379817, "ZNetView, ZSyncTransform, ItemDrop, Floating"
"FallenValkyrie", 1447842535, "Humanoid, ZNetView, ZSyncTransform, ZSyncAnimation, MonsterAI, CharacterDrop"
"fallenvalkyrie_claws (Fallen Valkyrie Claws) (Fallen Valkyrie Claws)", 1124614422, "ZNetView, ZSyncTransform, ItemDrop"
"fallenvalkyrie_feather_projectile", 790666231, "Projectile, ZNetView, ZSyncTransform"
"fallenvalkyrie_poisonbreath_aoe", 38986744, "ZNetView, ZSyncTransform, Aoe"
"FallenValkyrie_projectile_explosion", 1476683611, "ZNetView, Aoe"
"fallenvalkyrie_screech (Fallen Valkyrie Claws) (Fallen Valkyrie Claws)", -910963059, "ZNetView, ZSyncTransform, ItemDrop"
"fallenvalkyrie_spin (Fallen Valkyrie Aoe Spin) (Fallen Valkyrie Aoe Spin)", -1265929658, "ZNetView, ZSyncTransform, ItemDrop"
"fallenvalkyrie_spit_projectile", 114558534, "Projectile, ZNetView, ZSyncTransform"
"fallenvalkyrie_swoopattack (Fallen Valkyrie swooping) (Fallen Valkyrie swooping)", 1524304126, "ZNetView, ZSyncTransform, ItemDrop"
"fallenvalkyrie_taunt (Fallen Valkyrie Claws) (Fallen Valkyrie Claws)", -1291285738, "ZNetView, ZSyncTransform, ItemDrop"
"fallenvalkyrie_wingspin (Fallen Valkyrie Wingspin) (Fallen Valkyrie Wingspin)", 602801575, "ZNetView, ZSyncTransform, ItemDrop"
"FeastAshlands ($item_feastashlands) (Ashlands Gourmet Bowl)", 1694237039, "Feast, Piece, ItemDrop, WearNTear, ZNetView"
"FeastAshlands_Material ($item_feastashlands) (Ashlands Gourmet Bowl)", -2129772541, "ZNetView, ZSyncTransform, ItemDrop"
"FeastBlackforest ($item_feastblackforest) (Black Forest Buffet Platter)", 1684386071, "Feast, Piece, ItemDrop, WearNTear, ZNetView"
"FeastBlackforest_Material ($item_feastblackforest) (Black Forest Buffet Platter)", -1873543957, "ZNetView, ZSyncTransform, ItemDrop"
"Feaster ($item_feaster) (Serving Tray)", -802427598, "ZNetView, ZSyncTransform, ItemDrop"
"FeastMeadows ($item_feastmeadows) (Whole Roasted Meadow Boar)", -1160177777, "Feast, Piece, ItemDrop, WearNTear, ZNetView"
"FeastMeadows_Material ($item_feastmeadows) (Whole Roasted Meadow Boar)", 949079627, "ZNetView, ZSyncTransform, ItemDrop"
"FeastMistlands ($item_feastmistlands) (Mushrooms Galore á la Mistlands)", -108963526, "Feast, Piece, ItemDrop, WearNTear, ZNetView"
"FeastMistlands_Material ($item_feastmistlands) (Mushrooms Galore á la Mistlands)", 948710046, "ZNetView, ZSyncTransform, ItemDrop"
"FeastMountains ($item_feastmountains) (Hearty Mountain Logger's Stew)", -389271919, "Feast, Piece, ItemDrop, WearNTear, ZNetView"
"FeastMountains_Material ($item_feastmountains) (Hearty Mountain Logger's Stew)", -1120477775, "ZNetView, ZSyncTransform, ItemDrop"
"FeastOceans ($item_feastoceans) (Sailor's Bounty)", -881616646, "Feast, Piece, ItemDrop, WearNTear, ZNetView"
"FeastOceans_Material ($item_feastoceans) (Sailor's Bounty)", -936973414, "ZNetView, ZSyncTransform, ItemDrop"
"FeastPlains ($item_feastplains) (Plains Pie Picnic)", -441349860, "Feast, Piece, ItemDrop, WearNTear, ZNetView"
"FeastPlains_Material ($item_feastplains) (Plains Pie Picnic)", -1494080700, "ZNetView, ZSyncTransform, ItemDrop"
"FeastSwamps ($item_feastswamps) (Swamp Dweller's Delight)", 517587124, "Feast, Piece, ItemDrop, WearNTear, ZNetView"
"FeastSwamps_Material ($item_feastswamps) (Swamp Dweller's Delight)", 111462848, "ZNetView, ZSyncTransform, ItemDrop"
"Feathers ($item_feathers) (Feathers)", -1792723966, "ZNetView, ZSyncTransform, ItemDrop"
"Fenring", 1388670159, "Humanoid, ZNetView, ZSyncTransform, ZSyncAnimation, MonsterAI, CharacterDrop, FootStep"
"Fenring_attack_flames_aoe", -2089404025, "ZNetView, ZSyncTransform, Aoe"
"Fenring_attack_frost_aoe", 2038439599, "ZNetView, ZSyncTransform, Aoe"
"Fenring_Cultist", -1237836442, "Humanoid, ZNetView, ZSyncTransform, ZSyncAnimation, MonsterAI, CharacterDrop, FootStep"
"Fenring_Cultist_Hildir", -2038185967, "Humanoid, ZNetView, ZSyncTransform, ZSyncAnimation, MonsterAI, CharacterDrop, FootStep"
"Fenring_Cultist_Hildir_nochest", 1439095512, "Humanoid, ZNetView, ZSyncTransform, ZSyncAnimation, MonsterAI, CharacterDrop, FootStep"
"Fenring_cultist_ragdoll", 1571536938, "Ragdoll, ZNetView"
"Fenring_cultist_ragdoll_hildir", 1887186093, "Ragdoll, ZNetView"
"Fenring_ragdoll", -870478745, "Ragdoll, ZNetView"
"FenringIceNova_aoe", -1892863254, "ZNetView, ZSyncTransform, Aoe"
"fenrirhide_hanging ($item_wolfhairbundle) (Fenris Hair)", 388131667, "ZNetView, Destructible, HoverText, DropOnDestroyed"
"fenrirhide_hanging_door", -1305303832, "Destructible, ZNetView"
"fermenter", -931391920, "Piece, ZNetView, WearNTear, Fermenter"
"FernAshlands", -261129959, "Destructible, ZNetView, StaticPhysics"
"FernFiddleHeadAshlands", -988026413, "Destructible, ZNetView, StaticPhysics, DropOnDestroyed"
"Fiddleheadfern ($item_fiddleheadfern) (Fiddlehead)", 1218332729, "ZNetView, ZSyncTransform, ItemDrop, Piece, WearNTear"
"FierySvinstew ($item_fierysvinstew) (Fiery Svinstew)", -1596182882, "ZNetView, ZSyncTransform, ItemDrop, Piece, WearNTear"
"FineWood ($item_finewood) (Finewood)", 212315135, "ZNetView, ZSyncTransform, ItemDrop, Floating"
"FirCone ($item_fircone) (Fir Cone)", 183471488, "ZNetView, ZSyncTransform, ItemDrop, Floating"
"Fire", -837447586, "LightLod, ZNetView, Fire, CinderSpawner, TimedDestruction"
"fire_pit", 399713608, "Piece, ZNetView, Fireplace, CinderSpawner, WearNTear"
"fire_pit_haldor", 1536603853, "Piece, ZNetView, Fireplace"
"fire_pit_hildir", 730026087, "Piece, ZNetView, Fireplace"
"fire_pit_iron", 1462550139, "Piece, ZNetView, Fireplace, WearNTear"
"FireFlies", -1931516595, "ZNetView, TimedDestruction"
"FireworksRocket_Blue ($item_fireworkrocket_blue) (Blue Fireworks)", 115692907, "ZNetView, ZSyncTransform, ItemDrop"
"FireworksRocket_Cyan ($item_fireworkrocket_cyan) (Cyan Fireworks)", 1944157002, "ZNetView, ZSyncTransform, ItemDrop"
"FireworksRocket_Green ($item_fireworkrocket_green) (Green Fireworks)", 348302960, "ZNetView, ZSyncTransform, ItemDrop"
"FireworksRocket_Purple ($item_fireworkrocket_purple) (Purple Fireworks)", -232359017, "ZNetView, ZSyncTransform, ItemDrop"
"FireworksRocket_Red ($item_fireworkrocket_red) (Red Fireworks)", -1742513904, "ZNetView, ZSyncTransform, ItemDrop"
"FireworksRocket_White ($item_fireworkrocket_white) (Basic Fireworks)", -1372515538, "ZNetView, ZSyncTransform, ItemDrop"
"FireworksRocket_Yellow ($item_fireworkrocket_yellow) (Yellow Fireworks)", -1287554715, "ZNetView, ZSyncTransform, ItemDrop"
"FirTree ($prop_fir) (Fir)", 1185163063, "TreeBase, ZNetView, LodFadeInOut, StaticPhysics, HoverText"
"FirTree_log ($prop_treelog) (Log)", -1147276818, "ZNetView, ZSyncTransform, TreeLog, ImpactEffect, Floating, HoverText"
"FirTree_log_half ($prop_treelog) (Log)", -755748398, "ZNetView, ZSyncTransform, ImpactEffect, Floating, TreeLog, HoverText"
"FirTree_oldLog ($prop_treelog) (Log)", 1051479931, "ZNetView, Destructible, LodFadeInOut, StaticPhysics, DropOnDestroyed, HoverText"
"FirTree_Sapling", -2139814576, "ZNetView, Plant, Destructible, Piece, StaticPhysics"
"FirTree_small ($prop_fir) (Fir)", 888684615, "ZNetView, Destructible, LodFadeInOut, StaticPhysics, HoverText, DropOnDestroyed"
"FirTree_small_dead ($prop_fir) (Fir)", -367866354, "ZNetView, Destructible, LodFadeInOut, StaticPhysics, HoverText, DropOnDestroyed"
"FirTree_Stub ($prop_treestump) (Stump)", -2025597564, "Destructible, ZNetView, StaticPhysics, HoverText, DropOnDestroyed"
"Fish1 ($animal_fish1) (Perch)", 109649205, "ZNetView, ZSyncTransform, Destructible, Fish, ItemDrop"
"Fish10 ($animal_fish10) (Northern Salmon)", -1859318427, "ZNetView, ZSyncTransform, Destructible, Fish, ItemDrop"
"Fish11 ($animal_fish11) (Magmafish)", -293234486, "ZNetView, ZSyncTransform, Destructible, Fish, ItemDrop"
"Fish12 ($animal_fish12) (Pufferfish)", 1272849455, "ZNetView, ZSyncTransform, Destructible, Fish, ItemDrop"
"Fish2 ($animal_fish2) (Pike)", 109649206, "ZNetView, ZSyncTransform, Destructible, Fish, ItemDrop"
"Fish3 ($animal_fish3) (Tuna)", 109649207, "ZNetView, ZSyncTransform, Destructible, Fish, ItemDrop"
"Fish4_cave ($animal_fish4) (Tetra)", 58693868, "ZNetView, ZSyncTransform, Destructible, Fish, ItemDrop"
"Fish5 ($animal_fish5) (Trollfish)", 109649209, "ZNetView, ZSyncTransform, Destructible, Fish, ItemDrop"
"Fish6 ($animal_fish6) (Giant Herring)", 109649210, "ZNetView, ZSyncTransform, Destructible, Fish, ItemDrop"
"Fish7 ($animal_fish7) (Grouper)", 109649211, "ZNetView, ZSyncTransform, Destructible, Fish, ItemDrop"
"Fish8 ($animal_fish8) (Coral Cod)", 109649212, "ZNetView, ZSyncTransform, Destructible, Fish, ItemDrop"
"Fish9 ($animal_fish9) (Anglerfish)", 109649213, "ZNetView, ZSyncTransform, Destructible, Fish, ItemDrop"
"FishAndBread ($item_fishandbread) (Fish 'n' Bread)", -1490899117, "ZNetView, ZSyncTransform, ItemDrop, Piece, WearNTear"
"FishAndBreadUncooked ($item_fishandbreaduncooked) (Uncooked Fish 'n' Bread)", 897133405, "ZNetView, ZSyncTransform, ItemDrop"
"FishAnglerRaw ($item_fish_raw) (Raw Fish)", 1399738207, "ZNetView, ZSyncTransform, ItemDrop"
"FishCooked ($item_fish_cooked) (Cooked Fish)", -1292410483, "ZNetView, ZSyncTransform, ItemDrop, Piece, WearNTear"
"FishingBait ($item_fishingbait) (Fishing Bait)", 2120058096, "ZNetView, ZSyncTransform, ItemDrop, Floating"
"FishingBaitAshlands ($item_fishingbait_ashlands) (Hot Fishing Bait)", 459717098, "ZNetView, ZSyncTransform, ItemDrop, Floating"
"FishingBaitCave ($item_fishingbait_cave) (Cold Fishing Bait)", 1592185747, "ZNetView, ZSyncTransform, ItemDrop, Floating"
"FishingBaitDeepNorth ($item_fishingbait_deepnorth) (Frosty Fishing Bait)", -772726327, "ZNetView, ZSyncTransform, ItemDrop, Floating"
"FishingBaitForest ($item_fishingbait_forest) (Mossy Fishing Bait)", -1630963917, "ZNetView, ZSyncTransform, ItemDrop, Floating"
"FishingBaitMistlands ($item_fishingbait_mistlands) (Misty Fishing Bait)", -550229671, "ZNetView, ZSyncTransform, ItemDrop, Floating"
"FishingBaitOcean ($item_fishingbait_ocean) (Heavy Fishing Bait)", -1724877534, "ZNetView, ZSyncTransform, ItemDrop, Floating"
"FishingBaitPlains ($item_fishingbait_plains) (Stingy Fishing Bait)", 1796124627, "ZNetView, ZSyncTransform, ItemDrop, Floating"
"FishingBaitSwamp ($item_fishingbait_swamp) (Sticky Fishing Bait)", 1812383840, "ZNetView, ZSyncTransform, ItemDrop, Floating"
"FishingRod ($item_fishingrod) (Fishing Rod)", 2095458909, "ZNetView, ZSyncTransform, ItemDrop, Floating"
"FishingRodFloat", -2128965567, "ZNetView, ZSyncTransform, Floating, FishingFloat"
"FishingRodFloatProjectile", 1255402074, "Projectile, ZNetView, ZSyncTransform, LineConnect"
"FishRaw ($item_fish_raw) (Raw Fish)", -535377778, "ZNetView, ZSyncTransform, ItemDrop"
"FishWraps ($item_fishwraps) (Fish Wraps)", -1650135981, "ZNetView, ZSyncTransform, ItemDrop, Piece, WearNTear"
"FistBjornClaw ($item_fistweapon_bjorn) (Paws of the Bear)", -607373006, "ZNetView, ZSyncTransform, ItemDrop"
"FistBjornUndeadClaw ($item_fistweapon_bjorn_undead) (Vilebone Maulclaws)", 405688673, "ZNetView, ZSyncTransform, ItemDrop"
"FistFenrirClaw ($item_fistweapon_fenris) (Flesh Rippers)", -1721646831, "ZNetView, ZSyncTransform, ItemDrop"
"Flametal ($item_flametal_old) (Ancient Metal)", -1619429742, "ZNetView, ZSyncTransform, ItemDrop, FloatingTerrain"
"flametal_gate", 977911272, "Piece, ZNetView, WearNTear, Door"
"FlametalNew ($item_flametal) (Flametal)", 24890812, "ZNetView, ZSyncTransform, ItemDrop, FloatingTerrain"
"FlametalOre ($item_flametalore_old) (Glowing Metal Ore)", -22163406, "ZNetView, ZSyncTransform, ItemDrop, FloatingTerrain"
"FlametalOreNew ($item_flametalore) (Flametal Ore)", -798024644, "ZNetView, ZSyncTransform, ItemDrop, FloatingTerrain"
"FlametalRockstand", -1820912021, "ZNetView, LodFadeInOut, Destructible"
"FlametalRockstand_frac", 1243935330, "ZNetView, LodFadeInOut, MineRock5"
"Flax ($item_flax) (Flax)", 1635961943, "ZNetView, ZSyncTransform, ItemDrop"
"Flies", -1711908779, "ZNetView"
"Flint ($item_flint) (Flint)", -952393887, "ZNetView, ZSyncTransform, ItemDrop"
"flintspear_projectile", 1600360364, "Projectile, ZNetView, ZSyncTransform"
"flying_core", 342810095, "ZNetView, Destructible"
"forge", -1530372843, "Piece, ZNetView, CraftingStation, WearNTear"
"forge_ext1", -18266612, "Piece, ZNetView, WearNTear, StationExtension"
"forge_ext2", -421551139, "Piece, ZNetView, WearNTear, StationExtension"
"forge_ext3", 1144532802, "Piece, ZNetView, WearNTear, StationExtension"
"forge_ext4", 385017915, "Piece, ZNetView, WearNTear, StationExtension"
"forge_ext5", 1951101856, "Piece, ZNetView, WearNTear, StationExtension"
"forge_ext6", 1547817329, "Piece, ZNetView, WearNTear, StationExtension"
"FragrantBundle ($item_fragrantbundle) (Fragrant Bundle)", 1571152787, "ZNetView, ZSyncTransform, ItemDrop"
"FreezeGland ($item_freezegland) (Freeze Gland)", -2107335129, "ZNetView, ZSyncTransform, ItemDrop"
"FreshSeaweed ($item_freshseaweed) (Fresh Seaweed)", -288702580, "ZNetView, ZSyncTransform, ItemDrop"
"FrostCavesShrineReveal", 1491287432, "ZNetView, MusicLocation"
"fuling_trap", -809550221, "Trap, Piece, ZNetView, WearNTear"
"fuling_turret", -1294684802, "Turret, Piece, ZNetView, WearNTear"
"fx_Abomination_arise", -863359251, "TimedDestruction, ZNetView, CamShaker"
"fx_Abomination_arise_end", 500888217, "TimedDestruction, ZNetView, CamShaker"
"fx_Abomination_attack_hit", 1086573447, "ZNetView, TimedDestruction"
"fx_Abomination_attack1", 1753165102, "ZNetView, TimedDestruction, CamShaker"
"fx_Abomination_attack1_start", -431820145, "TimedDestruction, ZSFX, ZNetView"
"fx_Abomination_attack1_trailon", 840131048, "TimedDestruction, ZSFX, ZNetView"
"fx_Abomination_attack2", 1349880575, "ZNetView, TimedDestruction, CamShaker"
"fx_Abomination_attack2_lift", 1651023775, "TimedDestruction, ZSFX, ZNetView"
"fx_Abomination_attack2_start", -27091948, "TimedDestruction, ZSFX, ZNetView"
"fx_Abomination_attack3", -1379002780, "ZNetView, TimedDestruction, CamShaker"
"fx_Abomination_attack3_start", -812819815, "TimedDestruction, ZSFX, ZNetView"
"fx_Adrenaline1", 1492408783, "ZNetView, ZSyncTransform, TimedDestruction"
"fx_altar_charred_destruction", -2042236004, "ZNetView, Gibber"
"fx_altar_crystal_destruction", 562073451, "ZNetView, Gibber"
"fx_ArmorStand_pick", -1668628040, "TimedDestruction, ZNetView"
"fx_ashvine_destruction", -510105900, "ZNetView, TimedDestruction"
"fx_ashvine_leaf_puff", 1948832954, "ZNetView, TimedDestruction"
"fx_asksvin_pet", 614676710, "ZNetView, TimedDestruction"
"fx_asksvin_soothed", -1916669393, "ZNetView, TimedDestruction"
"fx_asksvin_tamed", 1778747208, "ZNetView, TimedDestruction"
"fx_babyseeker_death", 2064722325, "ZNetView, TimedDestruction"
"fx_babyseeker_hurt", -1897893742, "ZNetView, TimedDestruction"
"fx_backstab", 513540838, "TimedDestruction, ZNetView"
"fx_bat_death", 2112410193, "ZNetView, TimedDestruction"
"fx_bat_hit", -1854382242, "ZNetView, TimedDestruction"
"fx_batteringram_fire", 457708792, "ZNetView, TimedDestruction, CamShaker"
"fx_bjorn_death", 1837230121, "ZNetView, TimedDestruction"
"fx_bjorn_hit", -782931876, "ZNetView, TimedDestruction"
"fx_blobLava_explosion", 432766912, "CamShaker, ZNetView, TimedDestruction"
"fx_blobtar_tarball_hit", 2138920922, "ZNetView, TimedDestruction"
"fx_bloodweapon_hit", -818860337, "ZNetView, TimedDestruction"
"fx_boar_pet", 1284548697, "ZNetView, TimedDestruction"
"fx_Bonemass_aoe_start", -132707708, "TimedDestruction, ZSFX, CamShaker, ZNetView"
"fx_BonemawSerpent_poisonbreath", 508816288, "ZNetView, TimedDestruction, ZSyncTransform"
"fx_BonemawSerpent_Spit_Hit", -1288204738, "ZNetView, TimedDestruction"
"fx_BonusYield", 1120080705, "TimedDestruction, ZNetView"
"fx_candle_addfuel", -90524716, "ZNetView, TimedDestruction"
"fx_candle_off", 1598879022, "ZNetView, TimedDestruction"
"fx_candle_on", -872590828, "ZNetView, TimedDestruction"
"fx_chainlightning_hit", -2078712946, "ZNetView, TimedDestruction, CamShaker"
"fx_chainlightning_spread", -336058622, "ZNetView, TimedDestruction"
"fx_charred_death", -216983711, "ZNetView, TimedDestruction"
"fx_charred_firestaff_chargeup", 621153935, "ZNetView, ZSyncTransform, TimedDestruction"
"fx_charred_hit", -1490726722, "ZNetView, TimedDestruction"
"fx_charred_summoned_death", 72092514, "ZNetView, TimedDestruction"
"fx_CharredStone_Destruction", 978022618, "ZNetView, TimedDestruction"
"fx_CharredStone_Gibs", 1548332621, "ZNetView, Gibber"
"fx_chicken_birth", 1713303714, "ZNetView, TimedDestruction"
"fx_chicken_death", 786808599, "ZNetView, TimedDestruction"
"fx_chicken_lay_egg", 1503489357, "ZNetView, TimedDestruction"
"fx_chicken_pet", -2055972266, "ZNetView, TimedDestruction"
"fx_Cinder_hit", 1570886190, "ZNetView, TimedDestruction"
"fx_Cinder_storm_hit", 955799024, "ZNetView, TimedDestruction"
"fx_CinderFire_Burn", 1542048280, "ZNetView, TimedDestruction"
"fx_clusterbombstaff_hit", -755906027, "ZNetView, TimedDestruction"
"fx_clusterbombstaff_splinter_hit", 1665990405, "ZNetView, TimedDestruction"
"fx_creature_tamed", 1367755680, "ZNetView, TimedDestruction"
"fx_crit", 1083439213, "TimedDestruction, ZNetView"
"fx_crystal_destruction", -1115480558, "ZNetView, TimedDestruction"
"fx_deathsquito_hit", 521449968, "ZNetView, TimedDestruction"
"fx_deatsquito_death", -957960149, "ZNetView, TimedDestruction"
"fx_dragon_land", 1159596902, "ZNetView, TimedDestruction, CamShaker"
"fx_drown", 1358135697, "ZNetView, TimedDestruction"
"fx_Dverger_death", 556448455, "ZNetView, TimedDestruction"
"fx_Dverger_hit", 50725268, "ZNetView, TimedDestruction"
"fx_DvergerMage_Fire_hit", -129031101, "ZNetView, TimedDestruction"
"fx_DvergerMage_Ice_hit", -240630674, "ZNetView, TimedDestruction"
"fx_DvergerMage_Mistile_attack", 1476940549, "ZNetView, TimedDestruction, CamShaker"
"fx_DvergerMage_Mistile_die", 149607269, "ZNetView, TimedDestruction, CamShaker"
"fx_DvergerMage_MistileSpawn", -1741307523, "ZNetView, TimedDestruction, CamShaker"
"fx_DvergerMage_Nova_ring", 1696607086, "ZSyncTransform, ZNetView"
"fx_DvergerMage_Support_hit", -1381385898, "ZNetView, TimedDestruction"
"fx_DvergerMage_Support_start", 636683973, "ZNetView, TimedDestruction, ZSyncTransform"
"fx_Eat", 769103769, "TimedDestruction, ZNetView"
"fx_Eat_Black", 4048993, "TimedDestruction, ZNetView"
"fx_Eat_Blue", 1417885490, "TimedDestruction, ZNetView"
"fx_Eat_Green", -246843307, "TimedDestruction, ZNetView"
"fx_Eat_Orange", -749335500, "TimedDestruction, ZNetView"
"fx_Eat_Red", 1587395497, "TimedDestruction, ZNetView"
"fx_Eat_Yellow", 839853578, "TimedDestruction, ZNetView"
"fx_egg_splash", -1559239972, "ZNetView, TimedDestruction"
"fx_eikthyr_forwardshockwave", 96144440, "ZNetView, TimedDestruction, CamShaker"
"fx_eikthyr_stomp", -311152809, "ZNetView, TimedDestruction, CamShaker"
"fx_Fader_CorpseExplosion", 440216847, "ZNetView, TimedDestruction"
"fx_Fader_Fissure_Prespawn", -1783522240, "ZNetView, TimedDestruction"
"fx_fader_meteor_hit", 1914978954, "ZNetView, TimedDestruction, CamShaker"
"fx_fader_meteorsmash", 424000656, "ZNetView, TimedDestruction, MeteorSmash, CamShaker"
"fx_Fader_Ragdoll", -1704086827, "ZNetView, Ragdoll, MaterialFader"
"fx_Fader_Roar", 1895131984, "ZNetView, TimedDestruction, CamShaker"
"fx_Fader_Roar_Projectile_Hit", -757573632, "ZNetView, TimedDestruction, CamShaker"
"fx_Fader_Spin", -1902442164, "ZNetView, TimedDestruction, CamShaker"
"fx_Fading_Bellfragment_Beam", -1933882866, "ZNetView, TimedDestruction, MaterialFader"
"fx_fallenfalkyrie_spin", 1145291653, "ZSyncTransform, ZNetView, TimedDestruction"
"fx_fallenvalkyrie_death", 1373933277, "ZNetView, TimedDestruction"
"fx_fallenvalkyrie_poisonbreath", -1503957939, "ZNetView, TimedDestruction"
"fx_FallenValkyrie_projectile_explosion", -393475016, "TimedDestruction, ZNetView"
"fx_FeastAshlandsEat", 1720863128, "TimedDestruction, ZNetView"
"fx_FeastBlackForestEat", -299096816, "TimedDestruction, ZNetView"
"fx_FeastMeadowsEat", 418982024, "TimedDestruction, ZNetView"
"fx_FeastMistlandsEat", 45454695, "TimedDestruction, ZNetView"
"fx_FeastMountainsEat", 439178866, "TimedDestruction, ZNetView"
"fx_FeastOceansEat", 54913301, "TimedDestruction, ZNetView"
"fx_FeastPlainsEat", -800909727, "TimedDestruction, ZNetView"
"fx_FeastSmall", -925775745, "TimedDestruction, ZSFX, ZNetView"
"fx_FeastSwampsEat", 573518231, "TimedDestruction, ZNetView"
"fx_FeastTemplate", 1936603110, "TimedDestruction, ZSFX, ZNetView"
"fx_fenring_burning_hand", 2109378052, "ZNetView, ZSyncTransform"
"fx_fenring_burning_hand_long", -2143321989, "ZNetView, ZSyncTransform"
"fx_fenring_flames", 27262405, "ZNetView, TimedDestruction"
"fx_fenring_frost", -135688039, "ZNetView, TimedDestruction"
"fx_fenring_frost_hand", 166067233, "ZNetView, ZSyncTransform"
"fx_fenring_frost_hand_aoestart", 1525438001, "ZNetView, ZSyncTransform"
"fx_fenring_frost_hand_long", -2126406442, "ZNetView, ZSyncTransform"
"fx_fenring_icenova", 1316841278, "ZSyncTransform, ZNetView, TimedDestruction"
"fx_fireball_staff_explosion", 978263589, "ZNetView, TimedDestruction"
"fx_fireskeleton_nova", 1896402249, "ZSyncTransform, ZNetView, TimedDestruction"
"fx_flametalnode_destruction", 421821362, "ZNetView, TimedDestruction"
"fx_float_hitwater", 1054502638, "TimedDestruction, ZNetView"
"fx_float_nibble", -1790688672, "TimedDestruction, ZNetView"
"fx_gdking_rootspawn", 727170115, "ZNetView, TimedDestruction, CamShaker"
"fx_gjall_death", -98943274, "ZNetView, TimedDestruction, CamShaker"
"fx_gjall_egg_splat", 673467202, "ZNetView, TimedDestruction"
"fx_gjall_taunt", 304272980, "TimedDestruction, ZSFX, ZNetView"
"fx_goblinbrute_groundslam", -1070004643, "ZNetView, TimedDestruction"
"fx_goblinking_beam_hit", 917183013, "ZNetView, TimedDestruction, CamShaker"
"fx_goblinking_death", -1899360684, "ZNetView, TimedDestruction, CamShaker"
"fx_goblinking_hit", 1274496653, "TimedDestruction, ZSFX, ZNetView"
"fx_goblinking_meteor_hit", -882794760, "ZNetView, TimedDestruction, CamShaker"
"fx_goblinking_nova", 977083296, "ZNetView, TimedDestruction, CamShaker"
"fx_GoblinShieldBreak", -29779998, "ZNetView, ZSyncTransform, TimedDestruction"
"fx_GoblinShieldHit", 1378191352, "ZNetView, ZSyncTransform, TimedDestruction"
"fx_GP_Activation", 1210376161, "TimedDestruction, ZNetView, ZSyncTransform"
"fx_GP_Player", -1064502302, "TimedDestruction, ZNetView, ZSyncTransform"
"fx_GP_Stone", -964066384, "TimedDestruction, ZNetView, CamShaker"
"fx_greenroots_projectile_hit", -2131627929, "ZNetView, TimedDestruction, CamShaker"
"fx_guardstone_activate", 504146489, "ZNetView, TimedDestruction"
"fx_guardstone_deactivate", -854606842, "ZNetView, TimedDestruction"
"fx_guardstone_permitted_add", -842656812, "ZNetView, TimedDestruction"
"fx_guardstone_permitted_removed", 763516691, "ZNetView, TimedDestruction"
"fx_hare_death", -2038752798, "ZNetView, TimedDestruction"
"fx_hen_death", -904156699, "ZNetView, TimedDestruction"
"fx_hen_love", -1454256847, "ZNetView, TimedDestruction"
"fx_HildirChest_Unlock", -2139763419, "ZNetView, TimedDestruction"
"fx_himminafl_aoe", 1958096728, "ZNetView, TimedDestruction, CamShaker"
"fx_himminafl_hit", 116336006, "ZNetView, TimedDestruction, CamShaker"
"fx_hottub_addwood", 168056958, "ZNetView, TimedDestruction"
"fx_icefloor_destruction", -1417255809, "ZNetView, TimedDestruction, Gibber"
"fx_iceshard_hit", 547029702, "ZNetView, TimedDestruction"
"fx_iceshard_launch", -617943502, "ZNetView, TimedDestruction"
"fx_icicle_destruction", -469159059, "ZNetView, TimedDestruction"
"fx_Immobilize", -957886916, "ZNetView, TimedDestruction"
"fx_jelly_pickup", -722558772, "ZNetView, TimedDestruction"
"fx_jotunbane_hit", -2021885435, "ZNetView, TimedDestruction"
"fx_jotunbane_swing", -217769200, "ZNetView, TimedDestruction"
"fx_lavabomb_explosion", 118280423, "TimedDestruction, ZNetView"
"fx_leviathan_leave", 1907076913, "TimedDestruction, ZNetView, CamShaker"
"fx_leviathan_reaction", -1908485725, "TimedDestruction, ZNetView, CamShaker"
"fx_leviathanLava_leave", 2066019067, "TimedDestruction, ZNetView, CamShaker"
"fx_leviathanLava_reaction", 1392225545, "TimedDestruction, ZNetView, CamShaker"
"fx_Lightning", -590558407, "ZNetView, ZSyncTransform"
"fx_lightningstaffprojectile_hit", -719697548, "ZNetView, TimedDestruction, CamShaker"
"fx_lightningweapon_hit", 1192802473, "ZNetView, TimedDestruction, CamShaker"
"fx_lox_death", -1556292783, "ZNetView, TimedDestruction"
"fx_lox_hit", -13297202, "ZNetView, TimedDestruction"
"fx_lox_pet", 504556970, "ZNetView, TimedDestruction"
"fx_lox_tamed", -117748084, "ZNetView, TimedDestruction"
"fx_loxcalf_death", 1238354849, "ZNetView, TimedDestruction"
"fx_morgen_death", -934919036, "ZNetView, TimedDestruction"
"fx_morgen_hit", -2080803941, "ZNetView, TimedDestruction"
"fx_morgen_roll", -2015096757, "TimedDestruction, CamShaker, ZNetView"
"fx_morgen_swipe", -962057952, "TimedDestruction, ZNetView"
"fx_natureweapon_hit", -697259636, "ZNetView, TimedDestruction"
"fx_oven_add_food", 463296512, "ZNetView, TimedDestruction"
"fx_oven_add_wood", 463297073, "ZNetView, TimedDestruction"
"fx_oven_produce", -1157562916, "ZNetView, TimedDestruction"
"fx_perfectdodge", -211976425, "TimedDestruction, ZNetView"
"fx_pheromonebomb_explode", 1032921632, "TimedDestruction, ZNetView"
"fx_Potion_fireresist", 1500488963, "ZNetView, ZSyncTransform, TimedDestruction"
"fx_Potion_frostresist", -1445195853, "ZNetView, ZSyncTransform, TimedDestruction"
"fx_Puke", -1094090678, "ZNetView, ZSyncTransform, CamShaker"
"fx_Queen_Death", 822590676, "ZNetView, TimedDestruction, CamShaker"
"fx_QueenPierceGround", -1760540482, "ZNetView, TimedDestruction, CamShaker, CamShaker"
"fx_radiation_hit", 2010899246, "ZNetView, TimedDestruction"
"fx_redlightning_burst", 1534983339, "ZNetView, TimedDestruction"
"fx_refinery_addfuel", -232765807, "ZNetView, TimedDestruction"
"fx_refinery_addtissue", 1721144258, "ZNetView, TimedDestruction"
"fx_refinery_destroyed", 1805728041, "ZNetView, TimedDestruction"
"fx_refinery_produce", -320069762, "ZNetView, TimedDestruction"
"fx_RootAshlands", 907463457, "ZNetView"
"fx_seeker_death", -921279507, "ZNetView, TimedDestruction"
"fx_seeker_hurt", -1243786294, "ZNetView, TimedDestruction"
"fx_seeker_melee_hit", -137185637, "TimedDestruction, ZSFX, ZNetView, CamShaker"
"fx_seeker_spawn", 516948170, "ZNetView, TimedDestruction"
"fx_seekerbrute_death", 1416166045, "ZNetView, TimedDestruction, CamShaker"
"fx_shaman_fireball_expl", 1140086335, "ZNetView, TimedDestruction"
"fx_shaman_protect", -430233955, "ZNetView, TimedDestruction"
"fx_shield_start", -989584787, "ZNetView, TimedDestruction, CamShaker"
"fx_ShieldCharge_1", 533461008, "ZNetView, TimedDestruction"
"fx_ShieldCharge_2", 533461005, "ZNetView, TimedDestruction"
"fx_ShieldCharge_3", 533461006, "ZNetView, TimedDestruction"
"fx_ShieldCharge_4", 533461011, "ZNetView, TimedDestruction"
"fx_ShieldCharge_5", 533461012, "ZNetView, TimedDestruction"
"fx_shieldgenerator_attack", -298936870, "ZNetView, TimedDestruction, CamShaker"
"fx_shieldgenerator_domehit", -1847873962, "ZNetView, TimedDestruction, CamShaker, ShieldDomeParticleColor"
"fx_siegebomb_explosion", 1642420224, "TimedDestruction, ZNetView"
"fx_skeleton_pet", 2004573612, "ZNetView, TimedDestruction"
"fx_sledge_demolisher_hit", 624080642, "ZNetView, TimedDestruction"
"fx_StaffShield_Break", -951090096, "ZNetView, ZSyncTransform, TimedDestruction"
"fx_StaffShield_Hit", 412281882, "ZNetView, ZSyncTransform, TimedDestruction"
"fx_summon_skeleton", -1063035972, "ZNetView, TimedDestruction, CamShaker"
"fx_summon_skeleton_spawn", -741750904, "ZNetView, TimedDestruction, CamShaker"
"fx_summon_start", 99167765, "ZNetView, TimedDestruction, CamShaker"
"fx_summon_troll", -989723330, "ZNetView, TimedDestruction, CamShaker"
"fx_summon_twitcher_spawn", 1657629399, "ZNetView, TimedDestruction, CamShaker"
"fx_sw_addflax", 778331988, "ZNetView, TimedDestruction"
"fx_sw_produce", 26707384, "ZNetView, TimedDestruction"
"fx_tar_bubbles", -293996892, "TimedDestruction, ZNetView"
"fx_tentaroot_death", -1301911090, "ZNetView, TimedDestruction"
"fx_tick_death", 621146823, "ZNetView, TimedDestruction"
"fx_TickBloodHit", 1335934803, "ZNetView, TimedDestruction"
"fx_tombstone_destroyed", -612587032, "ZNetView, TimedDestruction"
"fx_totem_destroyed", -550679782, "ZNetView, TimedDestruction"
"fx_trap_arm", -779606389, "ZNetView, TimedDestruction"
"fx_trap_trigger", 470924985, "ZNetView, TimedDestruction"
"fx_troll_love", 1505264711, "ZNetView, TimedDestruction"
"fx_TrollUndead_Gibs", -1400632553, "ZNetView, Gibber, TimedDestruction"
"fx_turret_addammo", -896000907, "ZNetView, TimedDestruction"
"fx_turret_fire", -328764516, "ZNetView, TimedDestruction, CamShaker"
"fx_turret_newtarget", 1118601191, "ZNetView, TimedDestruction"
"fx_turret_notarget", 1881957582, "ZNetView, TimedDestruction"
"fx_turret_reload", -36239653, "ZNetView, TimedDestruction"
"fx_turret_warmup", -434429456, "ZNetView, TimedDestruction"
"fx_unbjorn_death", 1094240738, "ZNetView, TimedDestruction"
"fx_unbjorn_hit", 327323055, "ZNetView, TimedDestruction"
"fx_unstablelavarock_explosion", 888919242, "ZNetView, TimedDestruction"
"fx_WaterImpact_Big", 350984073, "ZNetView, TimedDestruction"
"fx_vinegreen_destruction", -694742033, "ZNetView, TimedDestruction"
"fx_vines_hit", 1213446712, "ZNetView, TimedDestruction"
"fx_wolf_pet", 287754685, "ZNetView, TimedDestruction"
"gd_king", -2101309657, "Humanoid, ZNetView, ZSyncTransform, ZSyncAnimation, MonsterAI, CharacterDrop, FootStep"
"gdking_Ragdoll", -811560274, "Ragdoll, ZNetView"
"gdking_root_projectile", 696105667, "Projectile, ZNetView, ZSyncTransform"
"GemstoneBlue ($item_gemstone_blue) (Iolite)", -1578654542, "ZNetView, ZSyncTransform, ItemDrop"
"GemstoneGreen ($item_gemstone_green) (Jade)", 316605279, "ZNetView, ZSyncTransform, ItemDrop"
"GemstoneRed ($item_gemstone_red) (Bloodstone)", -1838985169, "ZNetView, ZSyncTransform, ItemDrop"
"Ghost", -696918929, "Humanoid, ZNetView, ZSyncTransform, ZSyncAnimation, MonsterAI, CharacterDrop, VisEquipment, FootStep"
"giant_arm", -1566278426, "ZNetView, LodFadeInOut, Destructible"
"giant_brain ($piece_giant_brain) (Soft Tissue)", -1337230376, "ZNetView, LodFadeInOut, Destructible, HoverText"
"giant_brain_frac", 1854887461, "ZNetView, LodFadeInOut, MineRock5"
"giant_helmet1 ($piece_giant_helmet) (Ancient Armour)", 1217240684, "ZNetView, LodFadeInOut, Destructible, HoverText"
"giant_helmet1_destruction", -54060277, "ZNetView, LodFadeInOut, MineRock5"
"giant_helmet2 ($piece_giant_helmet) (Ancient Armour)", 1217240681, "ZNetView, LodFadeInOut, Destructible, HoverText"
"giant_helmet2_destruction", -709355702, "ZNetView, LodFadeInOut, MineRock5"
"giant_ribs ($piece_giant_bone) (Petrified Bone)", -960615190, "ZNetView, LodFadeInOut, Destructible, HoverText"
"giant_ribs_frac", -1590213047, "ZNetView, LodFadeInOut, MineRock5"
"giant_skull ($piece_giant_bone) (Petrified Bone)", -1505268321, "ZNetView, LodFadeInOut, Destructible, HoverText"
"giant_skull_frac", -1348490946, "ZNetView, LodFadeInOut, MineRock5"
"giant_sword1 ($piece_giant_sword) (Ancient Sword)", -1493410116, "ZNetView, LodFadeInOut, Destructible, HoverText"
"giant_sword1_destruction", -60725897, "ZNetView, LodFadeInOut, MineRock5"
"giant_sword2 ($piece_giant_sword) (Ancient Sword)", 72673825, "ZNetView, LodFadeInOut, Destructible, HoverText"
"giant_sword2_destruction", 619420902, "ZNetView, LodFadeInOut, MineRock5"
"GiantBloodSack ($item_bloodclot) (Blood Clot)", -1523551927, "ZNetView, ZSyncTransform, ItemDrop"
"Gjall", 8893374, "Humanoid, ZNetView, ZSyncTransform, ZSyncAnimation, MonsterAI, CharacterDrop"
"gjall_egg_projectile", -2008396786, "Projectile, ZNetView, ZSyncTransform"
"gjall_spit_projectile", 713085343, "Projectile, ZNetView, ZSyncTransform"
"GlowingMushroom", -1457187493, "ZNetView"
"Goblin", -137741679, "Humanoid, ZNetView, ZSyncTransform, ZSyncAnimation, MonsterAI, CharacterDrop, RandomAnimation, VisEquipment, FootStep"
"goblin_banner", 2045908432, "ZNetView, WearNTear, DropOnDestroyed"
"goblin_bed", -1998259239, "Piece, ZNetView, WearNTear"
"Goblin_Dragdoll", 608207097, "ZNetView, Ragdoll, VisEquipment"
"goblin_fence", 950265897, "ZNetView, WearNTear, DropOnDestroyed"
"Goblin_Gem", 1962379517, "Character, AnimalAI, ZNetView, ZSyncTransform, ZSyncAnimation, CharacterDrop, RandomAnimation, VisEquipment, FootStep"
"goblin_pole", 133115456, "ZNetView, WearNTear, DropOnDestroyed"
"goblin_pole_small", 440394388, "ZNetView, WearNTear, DropOnDestroyed"
"goblin_roof_45d", 654372746, "ZNetView, WearNTear, DropOnDestroyed"
"goblin_roof_45d_corner", -696037094, "ZNetView, WearNTear, DropOnDestroyed"
"goblin_roof_cap", 842587907, "ZNetView, WearNTear, DropOnDestroyed"
"goblin_stairs", -1788665696, "ZNetView, WearNTear"
"goblin_stepladder", 70596228, "ZNetView, WearNTear"
"goblin_strawpile", -1298279079, "ZNetView, Destructible"
"goblin_totempole", -164406293, "ZNetView, WearNTear, DropOnDestroyed, Pickable"
"goblin_trashpile", 1488432680, "ZNetView, DropOnDestroyed, Destructible"
"goblin_trashpile_destruction", -1731885789, "Gibber, ZNetView"
"goblin_woodwall_1m", -216645858, "ZNetView, WearNTear, DropOnDestroyed"
"goblin_woodwall_2m", -216645857, "ZNetView, WearNTear, DropOnDestroyed"
"goblin_woodwall_2m_ribs", 2020886964, "ZNetView, WearNTear, DropOnDestroyed"
"GoblinArcher", -1508843442, "Humanoid, ZNetView, ZSyncTransform, ZSyncAnimation, MonsterAI, CharacterDrop, RandomAnimation, VisEquipment, FootStep"
"GoblinArmband (Iron plate armor) (Iron plate armor)", 1639499022, "ZNetView, ZSyncTransform, ItemDrop"
"GoblinBrute", -939999423, "Humanoid, ZNetView, ZSyncTransform, ZSyncAnimation, MonsterAI, CharacterDrop, VisEquipment, FootStep"
"GoblinBrute_ArmGuard (Iron plate armor) (Iron plate armor)", 801523509, "ZNetView, ZSyncTransform, ItemDrop"
"GoblinBrute_Attack (Brute sword) (Brute sword)", 1626038296, "ZNetView, ZSyncTransform, ItemDrop"
"GoblinBrute_Backbones (Iron plate armor) (Iron plate armor)", -1141183846, "ZNetView, ZSyncTransform, ItemDrop"
"GoblinBrute_ExecutionerCap (Iron plate armor) (Iron plate armor)", 1057188125, "ZNetView, ZSyncTransform, ItemDrop"
"GoblinBrute_Hildir", -851635044, "Humanoid, ZNetView, ZSyncTransform, ZSyncAnimation, MonsterAI, CharacterDrop, VisEquipment, FootStep"
"GoblinBrute_Hildir_ragdoll", -1716809640, "ZNetView, Ragdoll, VisEquipment"
"GoblinBrute_HipCloth (Iron plate armor) (Iron plate armor)", -1678144185, "ZNetView, ZSyncTransform, ItemDrop"
"GoblinBrute_LegBones (Iron plate armor) (Iron plate armor)", -1023139695, "ZNetView, ZSyncTransform, ItemDrop"
"GoblinBrute_ragdoll", 195844421, "ZNetView, Ragdoll, VisEquipment"
"GoblinBrute_RageAttack (Brute sword) (Brute sword)", 1750141103, "ZNetView, ZSyncTransform, ItemDrop"
"GoblinBrute_ShoulderGuard (Iron plate armor) (Iron plate armor)", 886640797, "ZNetView, ZSyncTransform, ItemDrop"
"GoblinBrute_Taunt (Brute taunt) (Brute taunt)", 422634212, "ZNetView, ZSyncTransform, ItemDrop"
"GoblinBruteBros", 921373705, "Humanoid, ZNetView, ZSyncTransform, ZSyncAnimation, MonsterAI, CharacterDrop, VisEquipment, FootStep"
"GoblinBruteBros_Attack (Brute sword) (Brute sword)", -413434122, "ZNetView, ZSyncTransform, ItemDrop"
"GoblinBruteBros_nochest", 1340531278, "Humanoid, ZNetView, ZSyncTransform, ZSyncAnimation, MonsterAI, CharacterDrop, VisEquipment, FootStep"
"GoblinBruteBros_RageAttack (Brute sword) (Brute sword)", -758137609, "ZNetView, ZSyncTransform, ItemDrop"
"GoblinClub (Club) (Club)", 1243528541, "ZNetView, ZSyncTransform, ItemDrop, Floating"
"GoblinHelmet (Iron plate armor) (Iron plate armor)", -1372598740, "ZNetView, ZSyncTransform, ItemDrop"
"GoblinKing", -221799126, "Humanoid, ZNetView, ZSyncTransform, ZSyncAnimation, MonsterAI, CharacterDrop, FootStep"
"GoblinKing_ragdoll", -1183704758, "ZNetView, Ragdoll"
"goblinking_totemholder", -1299706766, "ItemStand, ZNetView"
"GoblinLegband (Iron plate armor) (Iron plate armor)", 606128236, "ZNetView, ZSyncTransform, ItemDrop"
"GoblinLoin (Iron plate armor) (Iron plate armor)", -1182826951, "ZNetView, ZSyncTransform, ItemDrop"
"GoblinShaman", -315180887, "Humanoid, ZNetView, ZSyncTransform, ZSyncAnimation, MonsterAI, CharacterDrop, RandomAnimation, VisEquipment, FootStep"
"GoblinShaman_attack_poke (Club) (Club)", 562187776, "ZNetView, ZSyncTransform, ItemDrop, Floating"
"GoblinShaman_Headdress_antlers (Club) (Club)", 454410833, "ZNetView, ZSyncTransform, ItemDrop, Floating"
"GoblinShaman_Headdress_feathers (Club) (Club)", -776894186, "ZNetView, ZSyncTransform, ItemDrop, Floating"
"GoblinShaman_Hildir", 641645088, "Humanoid, ZNetView, ZSyncTransform, ZSyncAnimation, MonsterAI, CharacterDrop, RandomAnimation, VisEquipment, FootStep"
"GoblinShaman_Hildir_nochest", 120032863, "Humanoid, ZNetView, ZSyncTransform, ZSyncAnimation, MonsterAI, CharacterDrop, RandomAnimation, VisEquipment, FootStep"
"GoblinShaman_Hildir_ragdoll", 437944868, "ZNetView, Ragdoll, VisEquipment"
"GoblinShaman_projectile_fireball", 58584771, "Projectile, ZNetView, ZSyncTransform"
"GoblinShaman_protect_aoe", 693601149, "ZNetView, ZSyncTransform, Aoe"
"GoblinShaman_ragdoll", -1610435819, "ZNetView, Ragdoll, VisEquipment"
"GoblinShaman_Staff_Bones (Club) (Club)", 1167933866, "ZNetView, ZSyncTransform, ItemDrop, Floating"
"GoblinShaman_Staff_Feathers (Club) (Club)", -1055192031, "ZNetView, ZSyncTransform, ItemDrop, Floating"
"GoblinShaman_Staff_Hildir (Club) (Club)", 570043609, "ZNetView, ZSyncTransform, ItemDrop, Floating"
"GoblinShoulders (Iron plate armor) (Iron plate armor)", -132972994, "ZNetView, ZSyncTransform, ItemDrop"
"GoblinSpear (Flint spear) (Flint spear)", 552197258, "ZNetView, ZSyncTransform, ItemDrop"
"GoblinSpear_projectile", 740613604, "Projectile, ZNetView, ZSyncTransform"
"GoblinSword (Bronze sword) (Bronze sword)", -1000332366, "ZNetView, ZSyncTransform, ItemDrop"
"GoblinTorch (Torch) (Torch)", 1923162683, "ZNetView, ZSyncTransform, ItemDrop"
"GoblinTotem ($item_goblintotem) (Fuling Totem)", -1209005522, "ZNetView, ZSyncTransform, ItemDrop"
"Grausten ($item_grausten) (Grausten)", 2054657901, "ZNetView, ZSyncTransform, ItemDrop"
"grausten_pile", -1660100902, "ZNetView, Piece, WearNTear"
"GraveStone_Broken_CharredTwitcherNest", -472968042, "ZNetView, Destructible, StaticPhysics, DropOnDestroyed"
"GraveStone_Broken_World", 1535305585, "ZNetView, Destructible, StaticPhysics, DropOnDestroyed"
"GraveStone_CharredFaderLocation", 558018705, "ZNetView, Destructible, StaticPhysics"
"GraveStone_CharredTwitcherNest", 1965496462, "ZNetView, Destructible, StaticPhysics, DropOnDestroyed"
"GraveStone_Elite_Broken_CharredTwitcherNest", -2131131094, "ZNetView, Destructible, StaticPhysics, DropOnDestroyed"
"GraveStone_Elite_CharredTwitcherNest", 1012668478, "ZNetView, Destructible, StaticPhysics, DropOnDestroyed"
"Greydwarf", 1126707611, "Humanoid, ZNetView, ZSyncTransform, ZSyncAnimation, MonsterAI, CharacterDrop, FootStep"
"Greydwarf_Elite", -1374218359, "Humanoid, ZNetView, ZSyncTransform, ZSyncAnimation, MonsterAI, CharacterDrop, FootStep"
"Greydwarf_elite_ragdoll", -1011209571, "ZNetView, Ragdoll"
"Greydwarf_ragdoll", 605908579, "ZNetView, Ragdoll"
"Greydwarf_Root", -1510980060, "Destructible, ZNetView, DropOnDestroyed"
"Greydwarf_Shaman", 762782418, "Humanoid, ZNetView, ZSyncTransform, ZSyncAnimation, MonsterAI, CharacterDrop, FootStep"
"Greydwarf_Shaman_ragdoll", -792591186, "ZNetView, Ragdoll"
"Greydwarf_throw_projectile", -340666050, "Projectile, ZNetView, ZSyncTransform"
"GreydwarfEye ($item_greydwarfeye) (Greydwarf Eye)", -826622060, "ZNetView, ZSyncTransform, ItemDrop"
"Greyling", -50960667, "Humanoid, ZNetView, ZSyncTransform, ZSyncAnimation, MonsterAI, CharacterDrop, FootStep"
"Greyling_ragdoll", 1354298625, "ZNetView, Ragdoll"
"guard_stone", -1024209535, "Piece, ZNetView, WearNTear, PrivateArea"
"guard_stone_test", 783188550, "Piece, ZNetView, WearNTear, PrivateArea"
"Guck ($item_guck) (Guck)", 177541128, "ZNetView, ZSyncTransform, ItemDrop"
"GuckSack ($item_destructible_gucksack) (Guck Sack)", -2040480890, "Destructible, ZNetView, StaticPhysics, DropOnDestroyed, HoverText, RandomSpawn"
"GuckSack_small ($item_destructible_gucksack) (Guck Sack)", -914926950, "Destructible, ZNetView, StaticPhysics, DropOnDestroyed, HoverText, RandomSpawn"
"Haldor", 375476424, "Trader, ZNetView, SnapToGround"
"Hammer ($item_hammer) (Hammer)", 200814284, "ZNetView, ZSyncTransform, ItemDrop"
"hanging_hairstrands", -1418004192, "ZNetView, DropOnDestroyed, Destructible, Pickable"
"HardAntler ($item_hardantler) (Hard Antler)", 1712371231, "ZNetView, ZSyncTransform, ItemDrop, Floating"
"Hare", -1966747132, "Character, CharacterDrop, ZNetView, ZSyncTransform, ZSyncAnimation, AnimalAI, FootStep"
"Hare_ragdoll", -132344452, "ZNetView, Ragdoll"
"HareMeat ($item_hare_meat) (Hare Meat)", 1790522819, "ZNetView, ZSyncTransform, ItemDrop"
"Hatchling", -729507656, "Humanoid, ZNetView, ZSyncTransform, ZSyncAnimation, MonsterAI, CharacterDrop"
"hatchling_cold_projectile", -835209289, "Projectile, ZNetView, ZSyncTransform"
"Hatchling_ragdoll", -789524728, "Ragdoll, ZNetView"
"HealthUpgrade_Bonemass (Bonemass heart) (Bonemass heart)", -1717780267, "ZNetView, ZSyncTransform, ItemDrop, Floating"
"HealthUpgrade_GDKing (Elder heart) (Elder heart)", -1387001121, "ZNetView, ZSyncTransform, ItemDrop, Floating"
"hearth", 656210618, "Piece, ZNetView, Fireplace, WearNTear"
"HeathRockPillar", -2132038161, "LodFadeInOut, ZNetView, Destructible, TerrainModifier"
"HeathRockPillar_frac", -328261538, "LodFadeInOut, ZNetView, MineRock5, TerrainModifier"
"HelmetAshlandsMediumHood ($item_helmet_medium_ashlands) (Hood of Ask)", 524487976, "ZNetView, ZSyncTransform, ItemDrop"
"HelmetBerserkerHood ($item_helmet_berserker) (Headdress of the Bear)", 366436798, "ZNetView, ZSyncTransform, ItemDrop"
"HelmetBerserkerUndead ($item_helmet_berserker_undead) (Vilebone Visage)", 589695471, "ZNetView, ZSyncTransform, ItemDrop"
"HelmetBronze ($item_helmet_bronze) (Bronze Helmet)", 1813259955, "ZNetView, ZSyncTransform, ItemDrop"
"HelmetCarapace ($item_helmet_carapace) (Carapace Helmet)", 239278391, "ZNetView, ZSyncTransform, ItemDrop"
"HelmetDrake ($item_helmet_drake) (Drake Helmet)", 1408519140, "ZNetView, ZSyncTransform, ItemDrop"
"HelmetDverger ($item_helmet_dverger) (Dverger Circlet)", 703889544, "ZNetView, ZSyncTransform, ItemDrop"
"HelmetFenring ($item_helmet_fenris) (Fenris Hood)", -178897214, "ZNetView, ZSyncTransform, ItemDrop"
"HelmetFishingHat ($item_helmet_fishinghat) (Fishing Hat)", 579200240, "ZNetView, ZSyncTransform, ItemDrop"
"HelmetFlametal ($item_helmet_flametal) (Flametal Helmet)", 1749017287, "ZNetView, ZSyncTransform, ItemDrop"
"HelmetHat1 ($item_helmet_hat1) (Blue Tied Headscarf)", -151261723, "ZNetView, ZSyncTransform, ItemDrop"
"HelmetHat10 ($item_helmet_hat10) (Simple Purple Cap)", -1615972107, "ZNetView, ZSyncTransform, ItemDrop"
"HelmetHat2 ($item_helmet_hat2) (Green Twisted Headscarf)", 1414822218, "ZNetView, ZSyncTransform, ItemDrop"
"HelmetHat3 ($item_helmet_hat3) (Brown Fur Cap)", -1314061137, "ZNetView, ZSyncTransform, ItemDrop"
"HelmetHat4 ($item_helmet_hat4) (Extravagant Green Cap)", 252022804, "ZNetView, ZSyncTransform, ItemDrop"
"HelmetHat5 ($item_helmet_hat5) (Simple Red Cap)", 1818106745, "ZNetView, ZSyncTransform, ItemDrop"
"HelmetHat6 ($item_helmet_hat6) (Yellow Tied Headscarf)", -910776610, "ZNetView, ZSyncTransform, ItemDrop"
"HelmetHat7 ($item_helmet_hat7) (Red Twisted Headscarf)", 655307331, "ZNetView, ZSyncTransform, ItemDrop"
"HelmetHat8 ($item_helmet_hat8) (Grey Fur Cap)", -1361115304, "ZNetView, ZSyncTransform, ItemDrop"
"HelmetHat9 ($item_helmet_hat9) (Extravagant Orange Cap)", 204968637, "ZNetView, ZSyncTransform, ItemDrop"
"HelmetIron ($item_helmet_iron) (Iron Helmet)", 2113728123, "ZNetView, ZSyncTransform, ItemDrop"
"HelmetLeather ($item_helmet_leather) (Leather Helmet)", 70008852, "ZNetView, ZSyncTransform, ItemDrop"
"HelmetMage ($item_helmet_mage) (Eitr-weave Hood)", -1744197025, "ZNetView, ZSyncTransform, ItemDrop"
"HelmetMage_Ashlands ($item_helmet_mage_ashlands) (Hood of Embla)", 1597316648, "ZNetView, ZSyncTransform, ItemDrop"
"HelmetMidsummerCrown ($item_helmet_midsummercrown) (Midsummer Crown)", -1421560593, "ZNetView, ZSyncTransform, ItemDrop"
"HelmetOdin ($item_helmet_odin) (Hood of Odin)", -204964095, "ZNetView, ZSyncTransform, ItemDrop"
"HelmetPadded ($item_helmet_padded) (Padded Helmet)", 1885444557, "ZNetView, ZSyncTransform, ItemDrop"
"HelmetPointyHat ($item_helmet_witchhat) (Pointy Hat)", -1087704491, "ZNetView, ZSyncTransform, ItemDrop"
"HelmetRoot ($item_helmet_root) (Root Mask)", -1119196061, "ZNetView, ZSyncTransform, ItemDrop"
"HelmetStrawHat ($item_helmet_strawhat) (Straw Hat)", 1417358627, "ZNetView, ZSyncTransform, ItemDrop"
"HelmetSweatBand ($item_helmet_sweatband) (Headband)", -844544142, "ZNetView, ZSyncTransform, ItemDrop"
"HelmetTrollLeather ($item_helmet_trollleather) (Troll Leather Hood)", 1503400855, "ZNetView, ZSyncTransform, ItemDrop"
"HelmetYule ($item_helmet_yule) (Yule Hat)", 1213051262, "ZNetView, ZSyncTransform, ItemDrop"
"Hen", -1273337693, "Humanoid, MonsterAI, CharacterDrop, ZNetView, ZSyncTransform, ZSyncAnimation, FootStep, Procreation, Tameable"
"highstone", -1383558263, "ZNetView, LodFadeInOut, Destructible, StaticPhysics"
"highstone_frac", -1305625596, "MineRock5, ZNetView, LodFadeInOut, StaticPhysics"
"Hildir", -1012328982, "Trader, ZNetView, SnapToGround"
"HildirKey_forestcrypt ($item_hildirkey1) (Hildir's Brass Key)", 581095551, "ZNetView, ZSyncTransform, ItemDrop, Floating"
"HildirKey_mountaincave ($item_hildirkey2) (Hildir's Silver Key)", -880329412, "ZNetView, ZSyncTransform, ItemDrop, Floating"
"HildirKey_plainsfortress ($item_hildirkey3) (Hildir's Bronze Key)", -556683561, "ZNetView, ZSyncTransform, ItemDrop, Floating"
"Hive", -837447128, "Humanoid, ZNetView, ZSyncTransform, ZSyncAnimation, MonsterAI, CharacterDrop, VisEquipment"
"hive_throw_projectile", -695630227, "Projectile, ZNetView, ZSyncTransform"
"Hoe ($item_hoe) (Hoe)", 1502599834, "ZNetView, ZSyncTransform, ItemDrop"
"Honey ($item_honey) (Honey)", 1601842181, "ZNetView, ZSyncTransform, ItemDrop, Piece, WearNTear"
"HoneyGlazedChicken ($item_honeyglazedchicken) (Honey Glazed Chicken)", 931607157, "ZNetView, ZSyncTransform, ItemDrop, Piece, WearNTear"
"HoneyGlazedChickenUncooked ($item_honeyglazedchickenuncooked) (Uncooked Honey Glazed Chicken)", -1256110725, "ZNetView, ZSyncTransform, ItemDrop"
"horizontal_web", 193150005, "ZNetView"
"HouseFire", 1730843282, "LightLod, ZNetView, Fire, CinderSpawner, TimedDestruction"
"HugeRoot1 ($prop_ancienttreeroot) (Ancient Root)", -832142516, "Destructible, ZNetView, LodFadeInOut, DropOnDestroyed, HoverText"
"Ice_floor", -1448864844, "ZNetView, MaterialVariationWorld"
"Ice_floor_fractured", -1169366101, "ZNetView, MineRock5"
"ice_rock1", 343637466, "ZNetView, LodFadeInOut, Destructible"
"ice_rock1_frac", 1448015437, "ZNetView, LodFadeInOut, MineRock5"
"ice1", 1017608796, "Floating, ZNetView, Destructible, ZSyncTransform"
"IceBlocker", 492655805, "Destructible, ZNetView, StaticPhysics"
"Imp_fireball_projectile", -1372761134, "Projectile, ZNetView, ZSyncTransform"
"incinerator", -1876813566, "ZNetView, Piece, WearNTear, Incinerator"
"Iron ($item_iron) (Iron)", 1400949664, "ZNetView, ZSyncTransform, ItemDrop"
"iron_floor_1x1", -1904833886, "Piece, ZNetView, WearNTear"
"iron_floor_1x1_v2", 918289113, "Piece, ZNetView, WearNTear"
"iron_floor_2x2", -479912446, "Piece, ZNetView, WearNTear"
"iron_grate", -2019670596, "Piece, ZNetView, WearNTear, Door"
"iron_wall_1x1", 424208618, "Piece, ZNetView, WearNTear"
"iron_wall_1x1_rusty", -936723344, "Piece, ZNetView, WearNTear"
"iron_wall_2x2", 424208778, "Piece, ZNetView, WearNTear"
"IronNails ($item_ironnails) (Iron Nails)", 584343451, "ZNetView, ZSyncTransform, ItemDrop"
"IronOre ($item_ironore) (Iron Ore)", 411615136, "ZNetView, ZSyncTransform, ItemDrop"
"Ironpit ($item_ironpit) (Iron Pit)", -347900713, "ZNetView, ZSyncTransform, ItemDrop"
"IronScrap ($item_ironscrap) (Scrap Iron)", 1511877305, "ZNetView, ZSyncTransform, ItemDrop"
"itemstand", -1235119491, "Piece, ZNetView, WearNTear, ItemStand"
"itemstandh", 1822362821, "Piece, ZNetView, WearNTear, ItemStand"
"jute_carpet", -1313065786, "Piece, ZNetView, WearNTear"
"jute_carpet_blue", 321998505, "Piece, ZNetView, WearNTear"
"JuteBlue ($item_juteblue) (Blue Jute)", 59425464, "ZNetView, ZSyncTransform, ItemDrop"
"JuteRed ($item_jutered) (Red Jute)", 502052093, "ZNetView, ZSyncTransform, ItemDrop"
"Karve", -925528333, "Ship, ZNetView, ZSyncTransform, Piece, WearNTear, ImpactEffect"
"KnifeBlackMetal ($item_knife_blackmetal) (Black Metal Knife)", 1961661821, "ZNetView, ZSyncTransform, ItemDrop"
"KnifeButcher ($item_knife_butcher) (Butcher Knife)", 1365582486, "ZNetView, ZSyncTransform, ItemDrop"
"KnifeChitin ($item_knife_chitin) (Abyssal Razor)", -505018634, "ZNetView, ZSyncTransform, ItemDrop"
"KnifeCopper ($item_knife_copper) (Copper Knife)", 1410911030, "ZNetView, ZSyncTransform, ItemDrop"
"KnifeFlint ($item_knife_flint) (Flint Knife)", -1567646802, "ZNetView, ZSyncTransform, ItemDrop"
"KnifeSilver ($item_knife_silver) (Silver Knife)", -1378519326, "ZNetView, ZSyncTransform, ItemDrop"
"KnifeSkollAndHati ($item_knife_skollandhati) (Skoll and Hati)", -1987106861, "ZNetView, ZSyncTransform, ItemDrop"
"KnifeWood ($item_knife_wood) (Wooden Knife)", -987094990, "ZNetView, ZSyncTransform, ItemDrop"
"Lantern ($item_lantern) (Dvergr Lantern)", 1659590678, "ZNetView, ZSyncTransform, ItemDrop"
"Larva ($item_larva) ([item_larva])", -925531532, "ZNetView, ZSyncTransform, ItemDrop"
"lavabomb_explosion", 1723831024, "ZNetView, Aoe"
"lavabomb_projectile", -550115798, "Projectile, ZNetView, ZSyncTransform"
"lavabomb_rock1", 993449171, "ZNetView, LodFadeInOut, Destructible, ConditionalObject"
"LavaRock", 2108016051, "SpawnAbility, ZNetView, ZSyncTransform, TimedDestruction"
"lavarock_ashlands1", 2136704895, "ZNetView, LodFadeInOut, Destructible"
"LeatherScraps ($item_leatherscraps) (Leather Scraps)", 1490625731, "ZNetView, ZSyncTransform, ItemDrop"
"Leech", -1537236269, "Humanoid, ZNetView, ZSyncTransform, ZSyncAnimation, MonsterAI, CharacterDrop"
"Leech_cave", -98355895, "Humanoid, ZNetView, ZSyncTransform, ZSyncAnimation, MonsterAI, CharacterDrop"
"Leviathan", 1332964068, "ZNetView, ZSyncTransform, Leviathan, MineRock, ZSyncAnimation"
"LeviathanLava", 148267254, "ZNetView, ZSyncTransform, Leviathan, MineRock, ZSyncAnimation, StaticPhysics"
"lightningAOE", -1940000293, "ZNetView, TimedDestruction, CamShaker"
"LinenThread ($item_linenthread) (Linen Thread)", -1376039418, "ZNetView, ZSyncTransform, ItemDrop"
"LocationProxy", -313992107, "ZNetView, LocationProxy"
"loot_chest_stone", -323903440, "ZNetView, Container, Piece, WearNTear"
"loot_chest_wood", 143869018, "ZNetView, Container, Piece, WearNTear"
"LootSpawner_pineforest", 2067969702, "ZNetView, LootSpawner"
"Lox", 1502599715, "Humanoid, MonsterAI, CharacterDrop, ZNetView, ZSyncTransform, ZSyncAnimation, FootStep, Tameable, Procreation, MovementDamage"
"Lox_Calf", 2032626552, "Humanoid, AnimalAI, ZNetView, ZSyncTransform, ZSyncAnimation, Growup, CharacterDrop"
"lox_ragdoll", 886454387, "Ragdoll, ZNetView"
"lox_ribs", -1181455604, "ZNetView, WearNTear, DropOnDestroyed"
"lox_stomp_aoe_OLD", 433303229, "ZNetView, Aoe"
"loxcalf_ragdoll", 128389279, "Ragdoll, ZNetView"
"LoxMeat ($item_loxmeat) (Lox Meat)", 1273492894, "ZNetView, ZSyncTransform, ItemDrop"
"LoxPelt ($item_loxpelt) (Lox Pelt)", 702453006, "ZNetView, ZSyncTransform, ItemDrop"
"LoxPie ($item_loxpie) (Lox Meat Pie)", 16727443, "ZNetView, ZSyncTransform, ItemDrop, Piece, WearNTear"
"LoxPieUncooked ($item_loxpie_uncooked) (Unbaked Lox Pie)", 2035010361, "ZNetView, ZSyncTransform, ItemDrop"
"LuredWisp", 628311579, "ZNetView, ZSyncTransform, LuredWisp, Pickable"
"MaceBronze ($item_mace_bronze) (Bronze Mace)", 1042173684, "ZNetView, ZSyncTransform, ItemDrop, Floating"
"MaceEldner ($item_mace_eldner) (Flametal Mace)", -864584252, "ZNetView, ZSyncTransform, ItemDrop, Floating"
"MaceEldnerBlood ($item_mace_eldner_blood) (Bloodgeon)", -868343520, "ZNetView, ZSyncTransform, ItemDrop, Floating"
"MaceEldnerLightning ($item_mace_eldner_lightning) (Storm Star)", 234711854, "ZNetView, ZSyncTransform, ItemDrop, Floating"
"MaceEldnerNature ($item_mace_eldner_nature) (Klossen)", 802091271, "ZNetView, ZSyncTransform, ItemDrop, Floating"
"MaceIron ($item_mace_iron) (Iron Mace)", -2074455458, "ZNetView, ZSyncTransform, ItemDrop, Floating"
"MaceNeedle ($item_mace_needle) (Porcupine)", 1646123621, "ZNetView, ZSyncTransform, ItemDrop, Floating"
"MaceSilver ($item_mace_silver) (Frostner)", -589925683, "ZNetView, ZSyncTransform, ItemDrop"
"MaceWood ($item_mace_wood) (Wooden Mace)", 1023955653, "ZNetView, ZSyncTransform, ItemDrop, Floating"
"MagicallyStuffedShroom ($item_magicallystuffedmushroom) (Stuffed Mushroom)", 1736129798, "ZNetView, ZSyncTransform, ItemDrop, Piece, WearNTear"
"MagicallyStuffedShroomUncooked ($item_magicallystuffedmushroomuncooked) (Uncooked Stuffed Mushroom)", 508319580, "ZNetView, ZSyncTransform, ItemDrop"
"Mandible ($item_mandible) (Mandible)", 802493318, "ZNetView, ZSyncTransform, ItemDrop"
"MarinatedGreens ($item_marinatedgreens) (Marinated Greens)", 181515673, "ZNetView, ZSyncTransform, ItemDrop, Piece, WearNTear"
"marker01", -1738390869, "Destructible, DropOnDestroyed, ZNetView, StaticPhysics"
"marker02", -1335106342, "Destructible, DropOnDestroyed, ZNetView, StaticPhysics"
"MashedMeat ($item_mashedmeat) (Mashed Meat)", -1442468209, "ZNetView, ZSyncTransform, ItemDrop, Piece, WearNTear"
"MeadBaseBugRepellent ($item_meadbasebugrepellent) (Mead Base: Anti-Sting)", -1506937391, "ZNetView, ZSyncTransform, ItemDrop"
"MeadBaseBzerker ($item_meadbasebzerker) (Mead base: Berserkir)", 2049605095, "ZNetView, ZSyncTransform, ItemDrop"
"MeadBaseEitrLingering ($item_meadbaseeitr_lingering) (Mead Base: Lingering Eitr)", 1630163629, "ZNetView, ZSyncTransform, ItemDrop"
"MeadBaseEitrMinor ($item_meadbaseeitr) (Mead Base: Minor Eitr)", 1246556425, "ZNetView, ZSyncTransform, ItemDrop"
"MeadBaseFrostResist ($item_meadbasefrostresist) (Mead Base: Frost Resistance)", 1001949628, "ZNetView, ZSyncTransform, ItemDrop"
"MeadBaseHasty ($item_meadbasehasty) (Mead base: Ratatosk)", 1894907459, "ZNetView, ZSyncTransform, ItemDrop"
"MeadBaseHealthLingering ($item_meadbasehealth_lingering) (Mead Base: Lingering Health)", -1469156341, "ZNetView, ZSyncTransform, ItemDrop"
"MeadBaseHealthMajor ($item_meadbasehealth_major) (Mead Base: Major Healing)", 251116763, "ZNetView, ZSyncTransform, ItemDrop"
"MeadBaseHealthMedium ($item_meadbasehealth_medium) (Mead Base: Medium Healing)", -337119751, "ZNetView, ZSyncTransform, ItemDrop"
"MeadBaseHealthMinor ($item_meadbasehealth) (Mead Base: Minor Healing)", 2092877623, "ZNetView, ZSyncTransform, ItemDrop"
"MeadBaseLightFoot ($item_meadbaselightfoot) (Mead Base: Lightfoot)", -1025379740, "ZNetView, ZSyncTransform, ItemDrop"
"MeadBasePoisonResist ($item_meadbasepoisonresist) (Mead Base: Poison Resistance)", 196470766, "ZNetView, ZSyncTransform, ItemDrop"
"MeadBaseStaminaLingering ($item_meadbasestamina_lingering) (Mead Base: Lingering Stamina)", 1129221382, "ZNetView, ZSyncTransform, ItemDrop"
"MeadBaseStaminaMedium ($item_meadbasestamina_medium) (Mead Base: Medium Stamina)", 279948666, "ZNetView, ZSyncTransform, ItemDrop"
"MeadBaseStaminaMinor ($item_meadbasestamina) (Mead Base: Minor Stamina)", -1061353886, "ZNetView, ZSyncTransform, ItemDrop"
"MeadBaseStrength ($item_meadbasestrength) (Mead Base: Troll Endurance)", 1531174297, "ZNetView, ZSyncTransform, ItemDrop"
"MeadBaseSwimmer ($item_meadbaseswimmer) (Mead Base: Vananidir)", 2033614552, "ZNetView, ZSyncTransform, ItemDrop"
"MeadBaseTamer ($item_meadbasetamer) (Mead Base: Animal Whispers)", 1041280071, "ZNetView, ZSyncTransform, ItemDrop"
"MeadBaseTasty ($item_meadbasetasty) (Mead Base: Tasty)", 1894904111, "ZNetView, ZSyncTransform, ItemDrop"
"MeadBugRepellent ($item_mead_bugrepellent) (Anti-Sting Concoction)", -1764538796, "ZNetView, ZSyncTransform, ItemDrop, Piece, WearNTear"
"MeadBzerker ($item_mead_bzerker) (Berserkir Mead)", -1347086492, "ZNetView, ZSyncTransform, ItemDrop, Piece, WearNTear"
"MeadEitrLingering ($item_mead_eitr_lingering) (Lingering Eitr Mead)", 2049315250, "ZNetView, ZSyncTransform, ItemDrop, Piece, WearNTear"
"MeadEitrMinor ($item_mead_eitr_minor) (Minor Eitr Mead)", 915055238, "ZNetView, ZSyncTransform, ItemDrop, Piece, WearNTear"
"MeadFrostResist ($item_mead_frostres) (Frost Resistance Mead)", 647021439, "ZNetView, ZSyncTransform, ItemDrop, Piece, WearNTear"
"MeadHasty ($item_mead_hasty) (Tonic of Ratatosk)", -996272896, "ZNetView, ZSyncTransform, ItemDrop, Piece, WearNTear"
"MeadHealthLingering ($item_mead_hp_lingering) (Lingering Healing Mead)", -153368080, "ZNetView, ZSyncTransform, ItemDrop, Piece, WearNTear"
"MeadHealthMajor ($item_mead_hp_major) (Major Healing Mead)", -921729736, "ZNetView, ZSyncTransform, ItemDrop, Piece, WearNTear"
"MeadHealthMedium ($item_mead_hp_medium) (Medium Healing Mead)", -1416734660, "ZNetView, ZSyncTransform, ItemDrop, Piece, WearNTear"
"MeadHealthMinor ($item_mead_hp_minor) (Minor Healing Mead)", 920031124, "ZNetView, ZSyncTransform, ItemDrop, Piece, WearNTear"
"MeadLightfoot ($item_mead_lightfoot) (Lightfoot Mead)", -111435671, "ZNetView, ZSyncTransform, ItemDrop, Piece, WearNTear"
"MeadPoisonResist ($item_mead_poisonres) (Poison Resistance Mead)", -1382234189, "ZNetView, ZSyncTransform, ItemDrop, Piece, WearNTear"
"MeadStaminaLingering ($item_mead_stamina_lingering) (Lingering Stamina Mead)", -717547805, "ZNetView, ZSyncTransform, ItemDrop, Piece, WearNTear"
"MeadStaminaMedium ($item_mead_stamina_medium) (Medium Stamina Mead)", -1060658883, "ZNetView, ZSyncTransform, ItemDrop, Piece, WearNTear"
"MeadStaminaMinor ($item_mead_stamina_minor) (Minor Stamina Mead)", -1149314721, "ZNetView, ZSyncTransform, ItemDrop, Piece, WearNTear"
"MeadStrength ($item_mead_strength) (Mead of Troll Endurance)", -24546476, "ZNetView, ZSyncTransform, ItemDrop, Piece, WearNTear"
"MeadSwimmer ($item_mead_swimmer) (Draught of Vananidir)", -1654178317, "ZNetView, ZSyncTransform, ItemDrop, Piece, WearNTear, Floating"
"MeadTamer ($item_mead_tamer) (Brew of Animal Whispers)", -1849866750, "ZNetView, ZSyncTransform, ItemDrop, Piece, WearNTear"
"MeadTasty ($item_mead_tasty) (Tasty Mead)", -996243444, "ZNetView, ZSyncTransform, ItemDrop, Piece, WearNTear"
"MeadTrollPheromones ($item_mead_trollpheromones) (Love Potion)", -322215482, "ZNetView, ZSyncTransform, ItemDrop, Piece, WearNTear"
"MeatPlatter ($item_meatplatter) (Meat Platter)", 696240715, "ZNetView, ZSyncTransform, ItemDrop, Piece, WearNTear"
"MeatPlatterUncooked ($item_meatplatteruncooked) (Uncooked Meat Platter)", 625870585, "ZNetView, ZSyncTransform, ItemDrop"
"MechanicalSpring ($item_mechanicalspring) (Mechanical Spring)", 1846396992, "ZNetView, ZSyncTransform, ItemDrop"
"metalbar_1x2", -400101552, "Piece, ZNetView, WearNTear"
"MinceMeatSauce ($item_mincemeatsauce) (Minced Meat Sauce)", -1219034992, "ZNetView, ZSyncTransform, ItemDrop, Piece, WearNTear"
"MineRock_Copper", 723343212, "ZNetView, MineRock, StaticPhysics"
"MineRock_Iron", -922930389, "ZNetView, MineRock, StaticPhysics"
"MineRock_Meteorite", -971628607, "ZNetView, MineRock, StaticPhysics"
"MineRock_Obsidian ($piece_deposit_obsidian) (Obsidian Deposit)", 820355464, "Destructible, ZNetView, StaticPhysics, DropOnDestroyed, HoverText"
"MineRock_Stone", -1789907722, "ZNetView, MineRock, StaticPhysics"
"MineRock_Tin ($piece_deposit_tin) (Tin Deposit)", -1882492588, "Destructible, ZNetView, StaticPhysics, DropOnDestroyed, HoverText"
"MistArea", -459035306, "Mister, ZNetView"
"MistArea_edge", -1500069970, "Mister, ZNetView"
"MistArea_small", 676739018, "Mister, ZNetView"
"MisthareSupreme ($item_mistharesupreme) (Misthare Supreme)", 1085766256, "ZNetView, ZSyncTransform, ItemDrop, Piece, WearNTear"
"MisthareSupremeUncooked ($item_mistharesupremeuncooked) (Uncooked Misthare Supreme)", 229705406, "ZNetView, ZSyncTransform, ItemDrop"
"Mistile", -1247468837, "Humanoid, ZNetView, ZSyncTransform, ZSyncAnimation, MonsterAI, CharacterTimedDestruction"
"Mistile_kamikaze (Mistile Kamikaze) (Mistile Kamikaze)", 1054459491, "ZNetView, ZSyncTransform, ItemDrop"
"mistvolume", -1863961073, "ZNetView"
"MoltenCore ($item_moltencore) (Molten Core)", 1527524242, "ZNetView, ZSyncTransform, ItemDrop"
"Morgen", 682385102, "Humanoid, ZNetView, ZSyncTransform, ZSyncAnimation, MonsterAI, CharacterDrop, FootStep"
"Morgen_NonSleeping", -791130405, "Humanoid, ZNetView, ZSyncTransform, ZSyncAnimation, MonsterAI, CharacterDrop, FootStep"
"MorgenHeart ($item_morgenheart) (Morgen Heart)", -1125601850, "ZNetView, ZSyncTransform, ItemDrop"
"morgenhole_pile", 1757809681, "ZNetView, DropOnDestroyed, Destructible"
"MorgenSinew ($item_morgensinew) (Morgen Sinew)", -1770819968, "ZNetView, ZSyncTransform, ItemDrop"
"MountainGraveStone01", 268544908, "Destructible, DropOnDestroyed, StaticPhysics, ZNetView"
"MountainKit_brazier", -42805769, "ZNetView, Destructible, DropOnDestroyed"
"MountainKit_brazier_blue", -1109219954, "ZNetView, Destructible, DropOnDestroyed"
"MountainKit_brazier_purple", -1198713900, "ZNetView, DropOnDestroyed, WearNTear"
"mountainkit_chair", -1770394629, "ZNetView, Destructible, DropOnDestroyed"
"mountainkit_table", 972026940, "ZNetView, Destructible, DropOnDestroyed"
"MountainKit_wood_gate", 1604827893, "Destructible, ZNetView, Door, DropOnDestroyed"
"mud_road", 463677683, "ZNetView, Piece, TerrainModifier"
"mudpile ($piece_mudpile) (Muddy Scrap Pile)", -165023748, "ZNetView, Destructible, HoverText"
"mudpile_beacon ($piece_mudpile) (Muddy Scrap Pile)", -42517997, "ZNetView, Destructible, Beacon, HoverText"
"mudpile_frac", -1189190447, "MineRock5, ZNetView"
"mudpile_old", -1480591642, "MineRock, ZNetView"
"mudpile2 ($piece_mudpile) (Muddy Scrap Pile)", 1756993846, "ZNetView, Destructible, HoverText"
"mudpile2_frac", -47303797, "MineRock5, ZNetView"
"Mushroom ($item_mushroomcommon) (Mushroom)", -1961898040, "ZNetView, ZSyncTransform, ItemDrop, Piece, WearNTear"
"MushroomBlue ($item_mushroomblue) (Blue Mushroom)", 660592112, "ZNetView, ZSyncTransform, ItemDrop"
"MushroomBzerker ($item_mushroom_bzerker) (Toadstool)", -1904387381, "ZNetView, ZSyncTransform, ItemDrop, Piece, WearNTear"
"MushroomJotunPuffs ($item_jotunpuffs) (Jotun Puffs)", -1620577410, "ZNetView, ZSyncTransform, ItemDrop, Piece, WearNTear"
"MushroomMagecap ($item_magecap) (Magecap)", -1474822598, "ZNetView, ZSyncTransform, ItemDrop, Piece, WearNTear"
"MushroomOmelette ($item_mushroomomelette) (Mushroom Omelette)", -1143960049, "ZNetView, ZSyncTransform, ItemDrop, Piece, WearNTear"
"MushroomSmokePuff ($item_smokepuff) (Smoke Puff)", -1559844418, "ZNetView, ZSyncTransform, ItemDrop, Piece, WearNTear"
"MushroomYellow ($item_mushroomyellow) (Yellow Mushroom)", -115856560, "ZNetView, ZSyncTransform, ItemDrop, Piece, WearNTear"
"Music_FulingCamp", -1627403090, "ZNetView, MusicLocation"
"Music_GreydwarfCamp", 80755174, "ZNetView, MusicLocation"
"Music_MeadowsVillageFarm", -1659806456, "ZNetView, MusicLocation"
"Music_MountainCottage", -773537486, "ZNetView, MusicLocation"
"Music_SealedTower", -98426013, "ZNetView, MusicLocation"
"Music_StoneHenge", -2044334466, "ZNetView, MusicLocation"
"Neck", -2081058657, "Humanoid, ZNetView, ZSyncTransform, ZSyncAnimation, MonsterAI, CharacterDrop"
"Neck_Ragdoll", -152497, "ZNetView, Ragdoll"
"NeckTail ($item_necktail) (Neck Tail)", -1398896717, "ZNetView, ZSyncTransform, ItemDrop"
"NeckTailGrilled ($item_necktailgrilled) (Grilled Neck Tail)", -1094347100, "ZNetView, ZSyncTransform, ItemDrop, Piece, WearNTear"
"Needle ($item_needle) (Needle)", 1523164967, "ZNetView, ZSyncTransform, ItemDrop"
"Oak_log ($prop_treelog) (Log)", -1822460498, "ZNetView, ZSyncTransform, TreeLog, ImpactEffect, Floating, LodFadeInOut, HoverText"
"Oak_log_half ($prop_treelog) (Log)", 719041002, "ZNetView, ZSyncTransform, ImpactEffect, Floating, TreeLog, LodFadeInOut, HoverText"
"Oak_Sapling", -172929820, "ZNetView, Plant, Destructible, Piece, StaticPhysics"
"Oak1 ($prop_oak) (Oak)", 735284842, "TreeBase, ZNetView, LodFadeInOut, StaticPhysics, HoverText"
"OakStub ($prop_treestump) (Stump)", 1457518369, "Destructible, ZNetView, StaticPhysics, HoverText, DropOnDestroyed"
"Obsidian ($item_obsidian) (Obsidian)", -215580535, "ZNetView, ZSyncTransform, ItemDrop"
"odin", 1313230286, "Odin, ZNetView, ZSyncTransform"
"OLD_wood_roof", -1278775552, "Piece, ZNetView, WearNTear"
"OLD_wood_roof_icorner", -495402031, "Piece, ZNetView, WearNTear"
"OLD_wood_roof_ocorner", -495338349, "Piece, ZNetView, WearNTear"
"OLD_wood_roof_top", -1083140140, "Piece, ZNetView, WearNTear"
"OLD_wood_wall_roof", 1928745705, "Piece, ZNetView, WearNTear"
"Onion ($item_onion) (Onion)", -1315263071, "ZNetView, ZSyncTransform, ItemDrop, Piece, WearNTear"
"OnionSeeds ($item_onionseeds) (Onion Seeds)", 1180314225, "ZNetView, ZSyncTransform, ItemDrop"
"OnionSoup ($item_onionsoup) (Onion Soup)", 1592016380, "ZNetView, ZSyncTransform, ItemDrop, Piece, WearNTear"
"Ooze ($item_ooze) (Ooze)", 1414246171, "ZNetView, ZSyncTransform, ItemDrop"
"oozebomb_explosion", -551548701, "ZNetView, Aoe"
"oozebomb_projectile", -272518761, "Projectile, ZNetView, ZSyncTransform"
"path", -1919693987, "ZNetView, Piece, TerrainModifier"
"paved_road", 456394941, "ZNetView, Piece, TerrainModifier"
"Pickable_Ashstone", 1726828493, "ZNetView, Pickable, StaticPhysics"
"Pickable_Barley", -739875783, "ZNetView, Destructible, StaticTarget, StaticPhysics, Pickable, DropOnDestroyed"
"Pickable_Barley_Wild", -494395474, "ZNetView, Destructible, StaticPhysics, Pickable, DropOnDestroyed"
"Pickable_BlackCoreStand", -958543452, "ZNetView, Pickable"
"Pickable_BogIronOre", 1644571806, "ZNetView, Pickable, StaticPhysics"
"Pickable_Branch", 2035819856, "ZNetView, Pickable, StaticPhysics"
"Pickable_Carrot", 600686073, "ZNetView, Pickable, Destructible, StaticTarget, StaticPhysics"
"Pickable_Charredskull", 2146196080, "ZNetView, Pickable, StaticPhysics"
"Pickable_Dandelion", 16756586, "ZNetView, Pickable, StaticPhysics"
"Pickable_DolmenTreasure", 1500324956, "ZNetView, PickableItem"
"Pickable_DragonEgg", -321593056, "ZNetView, Pickable, StaticPhysics"
"Pickable_DvergerThing", -2077136871, "ZNetView, Pickable"
"Pickable_DvergrLantern", -1170674848, "ZNetView, Pickable, StaticPhysics"
"Pickable_DvergrMineTreasure", -803714842, "ZNetView, Pickable"
"Pickable_DvergrStein", -2043959483, "ZNetView, Pickable, StaticPhysics"
"Pickable_Fiddlehead", -1089506736, "ZNetView, Pickable, StaticPhysics"
"Pickable_Fishingrod", -524508767, "ZNetView, Pickable"
"Pickable_Flax", -1182933197, "ZNetView, Destructible, StaticTarget, StaticPhysics, Pickable, DropOnDestroyed"
"Pickable_Flax_Wild", 1325033780, "ZNetView, Destructible, StaticPhysics, Pickable, DropOnDestroyed"
"Pickable_Flint", -1217738099, "ZNetView, Pickable, StaticPhysics"
"Pickable_ForestCryptRandom", -2081011024, "ZNetView, PickableItem"
"Pickable_ForestCryptRemains01", 449644523, "ZNetView, Pickable"
"Pickable_ForestCryptRemains02", 449644526, "ZNetView, Pickable"
"Pickable_ForestCryptRemains03", 449644525, "ZNetView, Pickable"
"Pickable_ForestCryptRemains04", 449644520, "ZNetView, Pickable"
"Pickable_Hairstrands01", -397428878, "ZNetView, Pickable"
"Pickable_Hairstrands02", 5855649, "ZNetView, Pickable"
"Pickable_HardRockOffspring", 1914820248, "ZNetView, Pickable, StaticPhysics"
"Pickable_Item", -477120423, "ZNetView, PickableItem"
"Pickable_MeatPile", 445972681, "ZNetView, Pickable"
"Pickable_Meteorite", -1081635004, "ZNetView, Pickable, StaticPhysics"
"Pickable_MoltenCoreStand", -1077064976, "ZNetView, Pickable"
"Pickable_MountainCaveCrystal", 299318408, "ZNetView, Pickable, Destructible, DropOnDestroyed"
"Pickable_MountainCaveObsidian", -1115391601, "ZNetView, Pickable, Destructible, DropOnDestroyed"
"Pickable_MountainCaveRandom", 478105205, "ZNetView, PickableItem"
"Pickable_MountainRemains01_buried", -1816579317, "ZNetView, Pickable"
"Pickable_Mushroom", 1520650186, "ZNetView, Pickable, StaticPhysics"
"Pickable_Mushroom_blue", -1843622859, "ZNetView, Pickable"
"Pickable_Mushroom_JotunPuffs", -1419806457, "ZNetView, Pickable, StaticPhysics"
"Pickable_Mushroom_Magecap", -1313626337, "ZNetView, Pickable, StaticPhysics"
"Pickable_Mushroom_yellow", -1342135541, "ZNetView, Pickable"
"Pickable_Obsidian", -1991911291, "ZNetView, Pickable, StaticPhysics"
"Pickable_Onion", 959601677, "ZNetView, Pickable, Destructible, StaticTarget, StaticPhysics"
"Pickable_Pot_Shard", 1625867752, "ZNetView, Pickable, StaticPhysics"
"Pickable_RandomFood", -1117014999, "ZNetView, PickableItem"
"Pickable_RoyalJelly", 1661049019, "ZNetView, Pickable"
"Pickable_SeedCarrot", 1405222666, "ZNetView, Pickable, Destructible, StaticTarget, StaticPhysics"
"Pickable_SeedOnion", 539751898, "ZNetView, Pickable, Destructible, StaticTarget, StaticPhysics"
"Pickable_SeedTurnip", 1947547595, "ZNetView, Pickable, Destructible, StaticTarget, StaticPhysics"
"Pickable_SmokePuff", 432248582, "ZNetView, Pickable, StaticPhysics"
"Pickable_Stone", -1471593253, "ZNetView, Pickable, StaticPhysics"
"Pickable_StoneRock", 1649351520, "ZNetView, Pickable, StaticPhysics"
"Pickable_SulfurRock", 1603155848, "ZNetView, Pickable, StaticPhysics, Destructible, DropOnDestroyed"
"Pickable_SunkenCryptRandom", 849594011, "ZNetView, PickableItem"
"Pickable_SurtlingCoreStand", 2014622831, "ZNetView, Pickable"
"Pickable_Swordpiece1", -1627203936, "ZNetView, Pickable, StaticPhysics"
"Pickable_Swordpiece2", -2030488463, "ZNetView, Pickable, StaticPhysics"
"Pickable_Swordpiece3", -464404522, "ZNetView, Pickable, StaticPhysics"
"Pickable_Tar", 908600739, "ZNetView, Pickable, Floating, ZSyncTransform"
"Pickable_TarBig", 412021611, "ZNetView, Pickable, StaticPhysics"
"Pickable_Thistle", 1175276079, "ZNetView, Pickable, StaticPhysics"
"Pickable_Tin", -2129458801, "ZNetView, Pickable, StaticPhysics"
"Pickable_Turnip", 412034074, "ZNetView, Pickable, Destructible, StaticTarget, StaticPhysics"
"Pickable_VoltureEgg", -655677200, "ZNetView, Pickable, StaticPhysics"
"PickaxeAntler ($item_pickaxe_antler) (Antler Pickaxe)", -961424307, "ZNetView, ZSyncTransform, ItemDrop"
"PickaxeBlackMetal ($item_pickaxe_blackmetal) (Black Metal Pickaxe)", 1840385895, "ZNetView, ZSyncTransform, ItemDrop"
"PickaxeBronze ($item_pickaxe_bronze) (Bronze Pickaxe)", -1585937997, "ZNetView, ZSyncTransform, ItemDrop"
"PickaxeIron ($item_pickaxe_iron) (Iron Pickaxe)", 915836683, "ZNetView, ZSyncTransform, ItemDrop"
"PickaxeStone ($item_pickaxe_stone) (Stone Pickaxe)", 1083748678, "ZNetView, ZSyncTransform, ItemDrop"
"piece_ArcheryTarget", -1252856128, "Piece, ZNetView, WearNTear"
"piece_artisanstation", 1642546285, "ZNetView, Piece, CraftingStation, WearNTear"
"piece_asksvinskeleton", 437601075, "Piece, ZNetView, WearNTear, Chair"
"piece_banner01", 420204856, "Piece, ZNetView, WearNTear"
"piece_banner02", 823489383, "Piece, ZNetView, WearNTear"
"piece_banner03", -742594558, "Piece, ZNetView, WearNTear"
"piece_banner04", 16920329, "Piece, ZNetView, WearNTear"
"piece_banner05", -1549163612, "Piece, ZNetView, WearNTear"
"piece_banner06", -1145879085, "Piece, ZNetView, WearNTear"
"piece_banner07", 1583004270, "Piece, ZNetView, WearNTear"
"piece_banner08", -1952448139, "Piece, ZNetView, WearNTear"
"piece_banner09", 776435216, "Piece, ZNetView, WearNTear"
"piece_banner10", 1986288798, "Piece, ZNetView, WearNTear"
"piece_banner11", 420204857, "Piece, ZNetView, WearNTear"
"piece_barber", 122965861, "Piece, ZNetView, WearNTear, Barber"
"piece_bathtub", 2109981969, "Piece, ZNetView, WearNTear, Smelter"
"piece_bed02", 2024210682, "Piece, ZNetView, Bed, WearNTear"
"piece_beehive", 28120085, "Piece, ZNetView, WearNTear, Beehive, SpawnOnDamaged"
"piece_bench01", -2122807554, "Piece, ZNetView, WearNTear"
"piece_blackmarble_bench", -909098104, "Piece, ZNetView, WearNTear"
"piece_blackmarble_table", 1705458814, "Piece, ZNetView, WearNTear"
"piece_blackmarble_throne", -2139837784, "Piece, ZNetView, WearNTear, Chair"
"piece_blackwood_bench", 1390249608, "Piece, ZNetView, WearNTear"
"piece_blackwood_bench01", 770978985, "Piece, ZNetView, WearNTear"
"piece_bone_throne", -2104079778, "Piece, ZNetView, WearNTear, Chair"
"piece_brazierceiling01", 997718274, "Piece, ZNetView, Fireplace, WearNTear"
"piece_brazierfloor01", -1758232271, "ZNetView, Fireplace, Piece, WearNTear"
"piece_brazierfloor02", 2133450498, "ZNetView, Fireplace, Piece, WearNTear"
"piece_cartographytable", -164515435, "Piece, ZNetView, WearNTear, MapTable"
"piece_cauldron", -1652490355, "Piece, ZNetView, WearNTear, CraftingStation"
"piece_chair", -637414342, "Piece, ZNetView, WearNTear, Chair"
"piece_chair02", -1717421956, "Piece, ZNetView, WearNTear, Chair"
"piece_chair03", -1717421957, "Piece, ZNetView, WearNTear, Chair"
"piece_Charred_Balista", -1869503815, "Turret, ZNetView, WearNTear, DropOnDestroyed"
"piece_chest", -1443983522, "ZNetView, Container, Piece, WearNTear"
"piece_chest_barrel", -1029249879, "ZNetView, Container, Piece, WearNTear"
"piece_chest_blackmetal", 1417076401, "ZNetView, Container, Piece, WearNTear"
"piece_chest_private", 698259470, "ZNetView, Container, Piece, WearNTear"
"piece_chest_treasure", -475222070, "ZNetView, Piece, WearNTear"
"piece_chest_wood", 328745978, "ZNetView, Container, Piece, WearNTear"
"piece_cloth_hanging_door", -1046192253, "Piece, WearNTear, ZNetView"
"piece_cloth_hanging_door_blue", 124607798, "Piece, WearNTear, ZNetView"
"piece_cloth_hanging_door_blue2", 1074246236, "Piece, WearNTear, ZNetView"
"piece_cookingstation", 1430888227, "Piece, ZNetView, WearNTear, CookingStation"
"piece_cookingstation_iron", 778038248, "Piece, ZNetView, WearNTear, CookingStation"
"piece_dvergr_lantern", 1765483382, "ZNetView, WearNTear, Piece"
"piece_dvergr_lantern_pole", 463374813, "ZNetView, WearNTear, Piece"
"piece_dvergr_metal_wall_2x2", -957080763, "Piece, ZNetView, WearNTear"
"piece_dvergr_pole", 1212932712, "ZNetView, WearNTear, Piece"
"piece_dvergr_sharpstakes", -193320087, "ZNetView, WearNTear, Piece"
"piece_dvergr_spiralstair", 1904537040, "Piece, ZNetView, WearNTear"
"piece_dvergr_spiralstair_right", 1347147117, "Piece, ZNetView, WearNTear"
"piece_dvergr_stake_wall", -2144306477, "ZNetView, WearNTear, Piece"
"piece_dvergr_wood_door", 394713400, "Piece, ZNetView, WearNTear, Door"
"piece_dvergr_wood_wall", 985956632, "ZNetView, WearNTear, Piece"
"Piece_flametal_beam", 1792656179, "ZNetView, Piece, WearNTear"
"Piece_flametal_pillar", -1300178014, "ZNetView, Piece, WearNTear"
"piece_gift1", -1181865690, "ZNetView, Container, Piece, WearNTear"
"piece_gift2", -1181865689, "ZNetView, Container, Piece, WearNTear"
"piece_gift3", -1181865688, "ZNetView, Container, Piece, WearNTear"
"Piece_grausten_floor_1x1", 706748652, "ZNetView, Piece, WearNTear, RandomMaterialValues"
"Piece_grausten_floor_2x2", 2131670092, "ZNetView, Piece, WearNTear, RandomMaterialValues"
"Piece_grausten_floor_4x4", 686545676, "ZNetView, Piece, WearNTear, RandomMaterialValues"
"Piece_grausten_pillar_arch", -1665545160, "ZNetView, Piece, WearNTear, RandomMaterialValues"
"Piece_grausten_pillar_arch_small", 194227816, "ZNetView, Piece, WearNTear, RandomMaterialValues"
"Piece_grausten_pillarbase_medium", -1141104816, "ZNetView, Piece, WearNTear, RandomMaterialValues"
"Piece_grausten_pillarbase_small", -1468795246, "ZNetView, Piece, WearNTear, RandomMaterialValues"
"Piece_grausten_pillarbase_tapered", -3772522, "ZNetView, Piece, WearNTear, RandomMaterialValues"
"Piece_grausten_pillarbase_tapered_inverted", -1663427654, "ZNetView, Piece, WearNTear, RandomMaterialValues"
"Piece_grausten_pillarbeam_medium", 582887354, "ZNetView, Piece, WearNTear, RandomMaterialValues"
"Piece_grausten_pillarbeam_small", 1572308796, "ZNetView, Piece, WearNTear, RandomMaterialValues"
"piece_grausten_roof_45", 777162921, "Piece, ZNetView, WearNTear"
"piece_grausten_roof_45_arch", -1061148390, "Piece, ZNetView, WearNTear"
"piece_grausten_roof_45_arch_corner", -1124378182, "Piece, ZNetView, WearNTear"
"piece_grausten_roof_45_arch_corner2", -1137956792, "Piece, ZNetView, WearNTear"
"piece_grausten_roof_45_corner", -220578671, "Piece, ZNetView, WearNTear"
"piece_grausten_roof_45_corner2", -312847305, "Piece, ZNetView, WearNTear"
"Piece_grausten_stone_ladder", 913259269, "ZNetView, WearNTear, Piece, RandomMaterialValues"
"piece_grausten_stonestair", -888115219, "Piece, ZNetView, WearNTear, RandomMaterialValues"
"Piece_grausten_wall_1x2", 538325705, "ZNetView, Piece, WearNTear, RandomMaterialValues"
"Piece_grausten_wall_2x2", 538325612, "ZNetView, Piece, WearNTear, RandomMaterialValues"
"Piece_grausten_wall_4x2", 538325542, "ZNetView, Piece, WearNTear, RandomMaterialValues"
"Piece_grausten_wall_arch", -1125750956, "ZNetView, Piece, WearNTear, RandomMaterialValues"
"Piece_grausten_wall_arch_inverted", -1884296, "ZNetView, Piece, WearNTear, RandomMaterialValues"
"Piece_grausten_window_2x2", -660250868, "ZNetView, Piece, WearNTear, RandomMaterialValues"
"Piece_grausten_window_4x2", -660250798, "ZNetView, Piece, WearNTear, RandomMaterialValues"
"piece_groundtorch", 261914232, "Piece, ZNetView, WearNTear, Fireplace"
"piece_groundtorch_blue", 1441955863, "Piece, ZNetView, WearNTear, Fireplace"
"piece_groundtorch_green", -1296288316, "Piece, ZNetView, WearNTear, Fireplace"
"piece_groundtorch_mist ($piece_groundtorchdemister) (Wisp Torch)", -1575901004, "Piece, ZNetView, WearNTear, HoverText"
"piece_groundtorch_wood", 1744483228, "Piece, ZNetView, WearNTear, Fireplace"
"piece_hexagonal_door", 1861643587, "Piece, ZNetView, WearNTear, Door"
"piece_jackoturnip", 232336033, "Piece, ZNetView, WearNTear, Fireplace"
"piece_Lavalantern", -628387079, "Piece, ZNetView, WearNTear"
"piece_logbench01", -1214978310, "Piece, ZNetView, WearNTear"
"piece_magetable", -832507735, "ZNetView, Piece, CraftingStation, WearNTear"
"piece_magetable_ext", -799092397, "Piece, ZNetView, WearNTear, StationExtension"
"piece_magetable_ext2", 1302205337, "Piece, ZNetView, WearNTear, StationExtension"
"piece_magetable_ext3", -1426678018, "Piece, ZNetView, WearNTear, StationExtension"
"piece_maypole", -780564436, "Piece, ZNetView, WearNTear"
"piece_MeadCauldron", 1708414500, "Piece, ZNetView, WearNTear, CraftingStation"
"piece_mistletoe", 1816215321, "Piece, WearNTear, ZNetView"
"piece_oven", 2024246663, "Piece, ZNetView, WearNTear, CookingStation"
"piece_pot1", 162798999, "ZNetView, Container, Piece, WearNTear"
"piece_pot1_cracked", -109797335, "ZNetView, Container, Piece, WearNTear"
"piece_pot1_red", 554864195, "ZNetView, Container, Piece, WearNTear"
"piece_pot2", -1403284942, "ZNetView, Container, Piece, WearNTear"
"piece_pot2_cracked", 656024442, "ZNetView, Container, Piece, WearNTear"
"piece_pot2_red", 1200584434, "ZNetView, Container, Piece, WearNTear"
"piece_pot3", 1325598413, "ZNetView, Container, Piece, WearNTear"
"piece_pot3_cracked", 1415327327, "ZNetView, Container, Piece, WearNTear, Chair"
"piece_pot3_red", 1281654669, "ZNetView, Container, Piece, WearNTear"
"piece_preptable", 1840852078, "Piece, ZNetView, WearNTear, CraftingStation"
"piece_sapcollector", -2013355542, "Piece, ZNetView, WearNTear, SapCollector"
"piece_sharpstakes", 1059480620, "Piece, ZNetView, WearNTear"
"piece_shieldgenerator", 1611969521, "ShieldGenerator, Piece, ZNetView, WearNTear"
"piece_spinningwheel", 411883698, "Piece, ZNetView, Smelter, WearNTear"
"piece_stakewall_blackwood", -1755799944, "Piece, ZNetView, WearNTear"
"piece_stonecutter", -34430377, "ZNetView, Piece, CraftingStation, WearNTear"
"piece_table", 915094071, "Piece, ZNetView, WearNTear"
"piece_table_oak", -1159820015, "Piece, ZNetView, WearNTear"
"piece_table_round", 441267892, "Piece, ZNetView, WearNTear"
"piece_throne01", 743791676, "Piece, ZNetView, WearNTear, Chair"
"piece_throne02", 340507149, "Piece, ZNetView, WearNTear, Chair"
"piece_TrainingDummy", -871470687, "Humanoid, ZNetView, ZSyncTransform, ZSyncAnimation, MonsterAI, VisEquipment, Piece"
"piece_trap_troll", 1294771866, "Trap, Piece, ZNetView, WearNTear"
"piece_turret", -816396091, "Turret, Piece, ZNetView, WearNTear"
"piece_walltorch", 1038085717, "Piece, ZNetView, WearNTear, Fireplace"
"piece_wisplure", 1469046252, "Piece, ZNetView, WearNTear, WispSpawner"
"piece_workbench", -958010034, "ZNetView, Piece, CraftingStation, WearNTear"
"piece_workbench_ext1", 1017582937, "Piece, ZNetView, WearNTear, StationExtension"
"piece_workbench_ext2", 1420867464, "Piece, ZNetView, WearNTear, StationExtension"
"piece_workbench_ext3", -145216477, "Piece, ZNetView, WearNTear, StationExtension"
"piece_workbench_ext4", 614298410, "Piece, ZNetView, WearNTear, StationExtension"
"piece_xmascrown", 1544093477, "Piece, WearNTear, ZNetView"
"piece_xmasgarland", 1114342237, "Piece, WearNTear, ZNetView"
"piece_xmastree", -1443700678, "Piece, ZNetView, WearNTear"
"PineCone ($item_pinecone) (Pine Cone)", 1779180581, "ZNetView, ZSyncTransform, ItemDrop, Floating"
"PineTree", 1295600320, "TreeBase, ZNetView, LodFadeInOut"
"Pinetree_01 ($prop_pine) (Pine)", 797319082, "TreeBase, ZNetView, LodFadeInOut, StaticPhysics, HoverText"
"Pinetree_01_Stub ($prop_treestump) (Stump)", 364904293, "Destructible, ZNetView, StaticPhysics, HoverText, DropOnDestroyed"
"PineTree_log ($prop_treelog) (Log)", 1111243907, "ZNetView, ZSyncTransform, TreeLog, ImpactEffect, Floating, HoverText"
"PineTree_log_half ($prop_treelog) (Log)", 1016303223, "ZNetView, ZSyncTransform, ImpactEffect, Floating, TreeLog, HoverText"
"PineTree_log_halfOLD", 749341040, "ZNetView, ZSyncTransform, TreeLog, ImpactEffect, Floating"
"PineTree_logOLD", -1636733362, "ZNetView, ZSyncTransform, TreeLog, ImpactEffect, Floating"
"PineTree_Sapling", -1134441643, "ZNetView, Plant, Destructible, Piece, StaticPhysics"
"PiquantPie ($item_piquantpie) (Piquant Pie)", 450722210, "ZNetView, ZSyncTransform, ItemDrop, Piece, WearNTear"
"PiquantPieUncooked ($item_piquantpie_uncooked) (Uncooked Piquant Pie)", 1744026944, "ZNetView, ZSyncTransform, ItemDrop"
"Placeable_HardRock", -1499803462, "ZNetView, Pet, RandomSpeak, Tameable, Procreation, Piece, WearNTear, ItemStand"
"Placeable_Stone", 1290565497, "ZNetView, Pickable, Piece, WearNTear"
"Player", 1875862075, "PlayerController, Player, ZNetView, ZSyncTransform, ZSyncAnimation, Talker, VisEquipment, Skills, FootStep"
"Player_ragdoll", -1124029525, "ZNetView, Ragdoll, VisEquipment"
"Player_ragdoll_old", 751687535, "ZNetView, Ragdoll, TimedDestruction"
"Player_tombstone", -1558312669, "ZNetView, TombStone, Container, ZSyncTransform, Floating, FloatingTerrain"
"PlayerUnarmed (Unarmed) (Unarmed)", -442047277, "ZNetView, ZSyncTransform, ItemDrop, Floating"
"portal", -1495166496, "Piece, ZNetView, WearNTear, TeleportWorld"
"portal_stone", 1854482458, "Piece, ZNetView, WearNTear, TeleportWorld"
"portal_wood", -661882940, "Piece, ZNetView, WearNTear, TeleportWorld"
"Pot_Shard_Green ($item_pot_shard_green) (Pot Shard)", 270239518, "ZNetView, ZSyncTransform, ItemDrop"
"Pot_Shard_Red ($item_pot_shard_red) ([item_pot_shard_red])", 589902282, "ZNetView, ZSyncTransform, ItemDrop"
"PowderedDragonEgg ($item_powdereddragonegg) (Powdered Dragon Eggshells)", -1647798370, "ZNetView, ZSyncTransform, ItemDrop"
"projectile_ashlandmeteor", -1335426213, "Projectile, ZNetView, ZSyncTransform"
"projectile_ashlandmeteor2", 1632033609, "Projectile, ZNetView, ZSyncTransform"
"projectile_beam", -225359483, "Projectile, ZNetView, ZSyncTransform"
"projectile_chitinharpoon", -570735290, "Projectile, ZNetView, ZSyncTransform"
"projectile_lavaRock", -206628935, "Projectile, ZNetView, ZSyncTransform"
"projectile_meteor", 286479006, "Projectile, ZNetView, ZSyncTransform, CinderSpawner"
"projectile_meteor_fader", -1997223339, "Projectile, ZNetView, ZSyncTransform"
"projectile_splitner", 123147689, "Projectile, ZNetView, ZSyncTransform"
"projectile_splitner_blood", 1504573300, "Projectile, ZNetView, ZSyncTransform"
"projectile_splitner_lightning", -1734268810, "Projectile, ZNetView, ZSyncTransform"
"projectile_splitner_nature", 1415231759, "Projectile, ZNetView, ZSyncTransform"
"projectile_wolffang", -870216900, "Projectile, ZNetView, ZSyncTransform"
"ProustitePowder ($item_proustitepowder) (Proustite Powder)", 769777628, "ZNetView, ZSyncTransform, ItemDrop"
"Pukeberries ($item_pukeberries) (Bukeperries)", -836947401, "ZNetView, ZSyncTransform, ItemDrop, Piece, WearNTear"
"PungentPebbles ($item_pungentpebbles) (Pungent Pebbles)", 1918846796, "ZNetView, ZSyncTransform, ItemDrop"
"QueenBee ($item_queenbee) (Queen Bee)", -1533933068, "ZNetView, ZSyncTransform, ItemDrop"
"QueenDrop ($item_seekerqueen_drop) (Majestic Carapace)", 1064174259, "ZNetView, ZSyncTransform, ItemDrop, Floating"
"QueensJam ($item_queensjam) (Queen's Jam)", -474798661, "ZNetView, ZSyncTransform, ItemDrop, Piece, WearNTear"
"radiation", 2065490179, "Projectile, ZNetView, ZSyncTransform"
"Raft", 49675681, "Ship, ZNetView, ZSyncTransform, Piece, WearNTear, ImpactEffect"
"Ragdoll_Asksvin", 1854381283, "ZNetView, Ragdoll"
"Ragdoll_Asksvin_Hatchling", 817894100, "ZNetView, Ragdoll"
"raise", -1685068370, "ZNetView, Piece, TerrainModifier"
"Raspberry ($item_raspberries) (Raspberries)", 1479220028, "ZNetView, ZSyncTransform, ItemDrop, Piece, WearNTear"
"RaspberryBush", 1809630058, "Destructible, ZNetView, Pickable, StaticPhysics, DropOnDestroyed"
"RawMeat ($item_boar_meat) (Boar Meat)", -666181511, "ZNetView, ZSyncTransform, ItemDrop"
"replant", -2120318468, "ZNetView, Piece, TerrainModifier"
"Resin ($item_resin) (Resin)", -730656777, "ZNetView, ZSyncTransform, ItemDrop"
"RoastedCrustPie ($item_roastedcrustpie) (Roasted Crust Pie)", 1779145477, "ZNetView, ZSyncTransform, ItemDrop, Piece, WearNTear"
"RoastedCrustPieUncooked ($item_roastedcrustpie_uncooked) (Uncooked Roasted Crust Pie)", -1805638125, "ZNetView, ZSyncTransform, ItemDrop"
"Rock_3", 1172889253, "ZNetView, LodFadeInOut, StaticPhysics, Destructible"
"Rock_3_frac", 1649426798, "MineRock5, ZNetView, LodFadeInOut, StaticPhysics"
"Rock_4", 1576173780, "Destructible, ZNetView, StaticPhysics, DropOnDestroyed"
"Rock_4_plains", -2040381836, "Destructible, ZNetView, StaticPhysics, DropOnDestroyed"
"Rock_7", -1152709575, "Destructible, ZNetView, StaticPhysics, DropOnDestroyed"
"Rock_destructible", 112360646, "Destructible, ZNetView"
"Rock_destructible_test", -447136041, "ZNetView, MineRock"
"rock_mistlands1", 1499269640, "ZNetView, LodFadeInOut, Destructible"
"rock_mistlands1_frac", 33020421, "ZNetView, LodFadeInOut, MineRock5"
"rock_mistlands2", 1499269639, "ZNetView, LodFadeInOut, Destructible"
"rock1_mistlands", 1606082792, "ZNetView, LodFadeInOut, Destructible"
"rock1_mountain", -1396233392, "ZNetView, LodFadeInOut, Destructible"
"rock1_mountain_frac", -496513311, "ZNetView, LodFadeInOut, MineRock5"
"rock2_heath", -1865631054, "ZNetView, LodFadeInOut, Destructible"
"rock2_heath_frac", -1268964283, "ZNetView, LodFadeInOut, MineRock5"
"rock2_mountain", -1397136109, "ZNetView, LodFadeInOut, Destructible"
"rock2_mountain_frac", 1422273664, "ZNetView, LodFadeInOut, MineRock5"
"rock3_ice", -1473932452, "ZNetView, LodFadeInOut, Destructible"
"rock3_ice_frac", -420778293, "ZNetView, LodFadeInOut, MineRock5"
"rock3_mountain", -1398465710, "ZNetView, LodFadeInOut, Destructible"
"rock3_mountain_frac", 884909855, "ZNetView, LodFadeInOut, MineRock5"
"rock3_silver ($piece_deposit_silver) (Silver Deposit)", 297427804, "ZNetView, LodFadeInOut, Destructible, HoverText"
"rock3_silver_frac", -990678761, "ZNetView, LodFadeInOut, MineRock5"
"rock4_ashlands_frac", -820118935, "ZNetView, LodFadeInOut, MineRock5"
"rock4_coast", -790658592, "ZNetView, LodFadeInOut, Destructible"
"rock4_coast_frac", 1039259597, "ZNetView, LodFadeInOut, MineRock5"
"rock4_copper ($piece_deposit_copper) (Copper Deposit)", -1552092171, "ZNetView, LodFadeInOut, Destructible, HoverText"
"rock4_copper_frac", 912150108, "ZNetView, LodFadeInOut, MineRock5"
"rock4_forest", 1707947207, "ZNetView, LodFadeInOut, Destructible"
"rock4_forest_frac", 1082202028, "ZNetView, LodFadeInOut, MineRock5"
"rock4_heath", -1865985940, "ZNetView, LodFadeInOut, Destructible"
"rock4_heath_frac", -1655434869, "ZNetView, LodFadeInOut, MineRock5"
"RockDolmen_1", 1396764178, "Destructible, ZNetView, StaticPhysics, DropOnDestroyed"
"RockDolmen_2", 1800048705, "Destructible, ZNetView, StaticPhysics, DropOnDestroyed"
"RockDolmen_3", 233964764, "Destructible, ZNetView, StaticPhysics, DropOnDestroyed"
"RockFinger", 571199914, "Destructible, ZNetView"
"RockFinger_frac", -171548199, "ZNetView, LodFadeInOut, MineRock5"
"RockFingerBroken", 414646403, "Destructible, ZNetView"
"RockFingerBroken_frac", 1140737056, "ZNetView, LodFadeInOut, MineRock5"
"rockformation1", 1524190963, "LodFadeInOut, ZNetView"
"RockThumb", -1854838197, "Destructible, ZNetView"
"RockThumb_frac", -233084190, "ZNetView, LodFadeInOut, MineRock5"
"Root ($item_root) (Root)", -864298130, "ZNetView, ZSyncTransform, ItemDrop, Floating"
"root07", 144829813, "Destructible, ZNetView, DropOnDestroyed"
"root08", -258454714, "Destructible, ZNetView, DropOnDestroyed"
"root11", 951398868, "Destructible, ZNetView, DropOnDestroyed"
"root12", 548114341, "Destructible, ZNetView, DropOnDestroyed"
"RottenMeat ($item_meat_rotten) (Rotten Meat)", -476284625, "ZNetView, ZSyncTransform, ItemDrop"
"RoundLog ($item_roundlog) (Corewood)", -413278252, "ZNetView, ZSyncTransform, ItemDrop, Floating"
"RoyalJelly ($item_royaljelly) (Royal Jelly)", -442216113, "ZNetView, ZSyncTransform, ItemDrop, Piece, WearNTear"
"Ruby ($item_ruby) (Ruby)", 2052801890, "ZNetView, ZSyncTransform, ItemDrop"
"rug_asksvin", -535447840, "Piece, ZNetView, WearNTear"
"rug_Bjorn", -1718719738, "Piece, ZNetView, WearNTear"
"rug_bogwitch_deer", -1317563639, "ZNetView"
"rug_bogwitch_fur", 1183883792, "ZNetView"
"rug_bogwitch_wolf", 994739193, "ZNetView"
"rug_deer", 1761585513, "Piece, ZNetView, WearNTear"
"rug_fur", 1569410630, "Piece, ZNetView, WearNTear"
"rug_hare", 1472612417, "Piece, ZNetView, WearNTear"
"rug_straw", -1194194392, "Piece, ZNetView, WearNTear"
"rug_wolf", -698527959, "Piece, ZNetView, WearNTear"
"SaddleAsksvin ($item_saddleasksvin) (Asksvin Saddle)", -271201464, "ZNetView, ZSyncTransform, ItemDrop, Floating"
"SaddleLox ($item_saddlelox) (Lox Saddle)", -671861700, "ZNetView, ZSyncTransform, ItemDrop, Floating"
"Salad ($item_salad) (Salad)", 190225431, "ZNetView, ZSyncTransform, ItemDrop, Piece, WearNTear"
"Sap ($item_sap) (Sap)", 696031002, "ZNetView, ZSyncTransform, ItemDrop"
"sapling_barley", 967280542, "ZNetView, Plant, Destructible, Piece"
"sapling_carrot", 1780505228, "ZNetView, Plant, Destructible, Piece"
"sapling_flax", 1079411440, "ZNetView, Plant, Destructible, Piece"
"sapling_jotunpuffs", -989751415, "ZNetView, Plant, Destructible, Piece"
"sapling_magecap", 1585193021, "ZNetView, Plant, Destructible, Piece"
"sapling_onion", -364092232, "ZNetView, Plant, Destructible, Piece"
"sapling_seedcarrot", 219934075, "ZNetView, Plant, Destructible, Piece"
"sapling_seedonion", -1390589197, "ZNetView, Plant, Destructible, Piece"
"sapling_seedturnip", -1250573360, "ZNetView, Plant, Destructible, Piece"
"sapling_turnip", 310026689, "ZNetView, Plant, Destructible, Piece"
"Sausages ($item_sausages) (Sausages)", 1580132118, "ZNetView, ZSyncTransform, ItemDrop, Piece, WearNTear"
"ScaleHide ($item_scalehide) (Scale Hide)", -569089572, "ZNetView, ZSyncTransform, ItemDrop"
"ScorchingMedley ($item_scorchingmedley) (Scorching Medley)", -931348166, "ZNetView, ZSyncTransform, ItemDrop, Piece, WearNTear"
"Scythe ($item_scythe) (Scythe)", 1070583578, "ZNetView, ZSyncTransform, ItemDrop"
"ScytheHandle ($item_scythehandle) (Scythe Handle)", -161988480, "ZNetView, ZSyncTransform, ItemDrop"
"Seagal", 1469476749, "RandomFlyingBird, ZNetView, ZSyncTransform, ZSyncAnimation, Destructible, DropOnDestroyed"
"Seeker", 515096851, "Humanoid, ZNetView, ZSyncTransform, ZSyncAnimation, MonsterAI, CharacterDrop, FootStep"
"SeekerAspic ($item_seekeraspic) (Seeker Aspic)", 452860339, "ZNetView, ZSyncTransform, ItemDrop, Piece, WearNTear"
"SeekerBrood", -851106125, "Humanoid, ZNetView, ZSyncTransform, ZSyncAnimation, MonsterAI, CharacterDrop, FootStep"
"SeekerBrute", -1516513665, "Humanoid, ZNetView, ZSyncTransform, ZSyncAnimation, MonsterAI, CharacterDrop, FootStep"
"SeekerBrute_Taunt (Brute taunt) (Brute taunt)", 789849948, "ZNetView, ZSyncTransform, ItemDrop"
"SeekerEgg", 1515859210, "ZNetView, Destructible, DropOnDestroyed, EggHatch"
"SeekerEgg_alwayshatch", -63152736, "ZNetView, Destructible, DropOnDestroyed, EggHatch"
"SeekerQueen", -185712007, "Humanoid, ZNetView, ZSyncTransform, ZSyncAnimation, MonsterAI, CharacterDrop, FootStep, MovementDamage"
"SeekerQueen_Call (Brute taunt) (Brute taunt)", -1828334774, "ZNetView, ZSyncTransform, ItemDrop"
"SeekerQueen_projectile_spit", -1897578788, "Projectile, ZNetView, ZSyncTransform"
"SeekerQueen_projectile_teleport", -1932604943, "ZNetView, TeleportAbility"
"SeekerQueen_spithit", 1195333873, "ZNetView, TimedDestruction"
"SeekerQueen_Teleport (Brute taunt) (Brute taunt)", 218841687, "ZNetView, ZSyncTransform, ItemDrop"
"Serpent", 1671717323, "Humanoid, ZNetView, ZSyncTransform, ZSyncAnimation, MonsterAI, CharacterDrop, Tail"
"SerpentMeat ($item_serpentmeat) (Serpent Meat)", -370330082, "ZNetView, ZSyncTransform, ItemDrop, Floating"
"SerpentMeatCooked ($item_serpentmeatcooked) (Cooked Serpent Meat)", 865616331, "ZNetView, ZSyncTransform, ItemDrop, Piece, WearNTear"
"SerpentScale ($item_serpentscale) (Serpent Scale)", -1569517817, "ZNetView, ZSyncTransform, ItemDrop"
"SerpentStew ($item_serpentstew) (Serpent Stew)", -1781955618, "ZNetView, ZSyncTransform, ItemDrop, Piece, WearNTear"
"sfx_abomination_arise_end", 685765232, "TimedDestruction, ZSFX, ZNetView"
"sfx_Abomination_attack", 318619260, "TimedDestruction, ZSFX, ZNetView"
"sfx_Abomination_Attack2_slam_whoosh", -472153373, "TimedDestruction, ZSFX, ZNetView"
"sfx_Abomination_swing", 85954002, "TimedDestruction, ZSFX, ZNetView"
"sfx_arbalest_fire", -349627309, "TimedDestruction, ZSFX, ZNetView"
"sfx_archery_target_hit", -618247266, "TimedDestruction, ZSFX, ZNetView"
"sfx_arrow_hit", 2116918345, "TimedDestruction, ZSFX, ZNetView"
"sfx_asksvin_alert", -1490600272, "TimedDestruction, ZSFX, ZNetView"
"sfx_asksvin_bite", 492511560, "TimedDestruction, ZSFX, ZNetView"
"sfx_asksvin_death", -502474216, "TimedDestruction, ZSFX, ZNetView"
"sfx_asksvin_footstep", -1490674740, "TimedDestruction, ZSFX, ZNetView"
"sfx_asksvin_idle", -1611113072, "TimedDestruction, ZSFX, ZNetView"
"sfx_asksvin_pounce", -1354562816, "TimedDestruction, ZSFX, ZNetView"
"sfx_atgeir_attack", -9823443, "TimedDestruction, ZSFX, ZNetView"
"sfx_atgeir_attack_secondary", 1119253240, "TimedDestruction, ZSFX, ZNetView"
"sfx_axe_flint_hit", -1785312200, "TimedDestruction, ZSFX, ZNetView"
"sfx_axe_hit", 1674650800, "TimedDestruction, ZSFX, ZNetView"
"sfx_axe_swing", 1525903873, "TimedDestruction, ZSFX, ZNetView"
"sfx_barley_hit", 2017903409, "TimedDestruction, ZSFX, ZNetView"
"sfx_barnacle_destroyed", -287013000, "TimedDestruction, ZSFX, ZNetView"
"sfx_bat_alerted", -1056847255, "TimedDestruction, ZSFX, ZNetView"
"sfx_bat_attack", 1641770234, "TimedDestruction, ZSFX, ZNetView"
"sfx_bat_idle", -1204919892, "TimedDestruction, ZSFX, ZNetView"
"sfx_battering_ram_anticipation", -646778915, "ZNetView, TimedDestruction, ZSFX"
"sfx_battleaxe_hit", -282875050, "TimedDestruction, ZSFX, ZNetView"
"sfx_battleaxe_swing_start", -445258974, "TimedDestruction, ZSFX, ZNetView"
"sfx_battleaxe_swing_wosh", 1475499163, "TimedDestruction, ZSFX, ZNetView"
"sfx_bear_bite_attack", -1281365644, "TimedDestruction, ZSFX, ZNetView"
"sfx_bear_bite_attack_impact", -1442501107, "TimedDestruction, ZSFX, ZNetView"
"sfx_bear_claw_attack", 969788551, "TimedDestruction, ZSFX, ZNetView"
"sfx_bear_claw_attack slash", 739890458, "TimedDestruction, ZSFX, ZNetView"
"sfx_bear_death", 783890209, "TimedDestruction, ZSFX, ZNetView"
"sfx_bear_footstep", 2082145201, "TimedDestruction, ZSFX, ZNetView"
"sfx_bear_hurt", 2010004584, "TimedDestruction, ZSFX, ZNetView"
"sfx_bear_idle", 181798905, "TimedDestruction, ZSFX, ZNetView"
"sfx_beehive_destroyed", 1742233836, "TimedDestruction, ZSFX, ZNetView"
"sfx_beehive_hit", 1096880206, "TimedDestruction, ZSFX, ZNetView"
"sfx_blob_alerted", 1632142469, "TimedDestruction, ZSFX, ZNetView"
"sfx_blob_attack", 148104278, "TimedDestruction, ZSFX, ZNetView"
"sfx_blob_death", -1615338232, "TimedDestruction, ZSFX, ZNetView"
"sfx_blob_hit", 1859362075, "TimedDestruction, ZSFX, ZNetView"
"sfx_blob_idle", 442506800, "TimedDestruction, ZSFX, ZNetView"
"sfx_blob_jump", 139978274, "TimedDestruction, ZSFX, ZNetView"
"sfx_bloblava_alert", -1200601630, "TimedDestruction, ZSFX, ZNetView"
"sfx_bloblava_death", -452316558, "TimedDestruction, ZSFX, ZNetView"
"sfx_blobLava_explosion", 1991198713, "TimedDestruction, ZSFX, ZNetView"
"sfx_bloblava_grow", 870469861, "TimedDestruction, ZSFX, ZNetView"
"sfx_bloblava_idle", 1912309050, "TimedDestruction, ZSFX, ZNetView"
"sfx_bloblava_jump", 1609781804, "TimedDestruction, ZSFX, ZNetView"
"sfx_blobtar_attack_spit", -1602192272, "TimedDestruction, ZSFX, ZNetView"
"sfx_blobtar_idle", 679310017, "TimedDestruction, ZSFX, ZNetView"
"sfx_boar_alerted", 1128738514, "TimedDestruction, ZSFX, ZNetView"
"sfx_boar_attack", 2121021919, "TimedDestruction, ZSFX, ZNetView"
"sfx_boar_birth", -287580596, "TimedDestruction, ZSFX, ZNetView"
"sfx_boar_death", 1768214527, "TimedDestruction, ZSFX, ZNetView"
"sfx_boar_hit", -2014915412, "TimedDestruction, ZSFX, ZNetView"
"sfx_boar_idle", 601266887, "TimedDestruction, ZSFX, ZNetView"
"sfx_boar_love", -2013304865, "TimedDestruction, ZSFX, ZNetView"
"sfx_bogwitch_creak", -1161547082, "TimedDestruction, ZSFX, ZNetView"
"sfx_bogwitch_greet", -1240550673, "TimedDestruction, ZSFX, ZNetView"
"sfx_bogwitch_random", -1462162163, "TimedDestruction, ZSFX, ZNetView"
"sfx_bogwitch_trade", 1815318480, "TimedDestruction, ZSFX, ZNetView"
"sfx_bomb_throw", 185328793, "TimedDestruction, ZSFX, ZNetView"
"sfx_bomblava_crumble", 1834069719, "TimedDestruction, ZSFX, ZNetView"
"sfx_bomblava_fail", 1631108191, "TimedDestruction, ZSFX, ZNetView"
"sfx_bomblava_rocks", -349799969, "TimedDestruction, ZSFX, ZNetView"
"sfx_Bonemass_alert", 1294883521, "TimedDestruction, ZSFX, ZNetView"
"sfx_Bonemass_death", 2046458303, "TimedDestruction, ZSFX, ZNetView, CamShaker"
"sfx_Bonemass_Hit", 980760610, "TimedDestruction, ZSFX, ZNetView"
"sfx_Bonemass_idle", -491656505, "TimedDestruction, ZSFX, ZNetView"
"sfx_bonemaw_serpent_alert", -743770702, "TimedDestruction, ZSFX, ZNetView"
"sfx_bonemaw_serpent_bite", 185997502, "TimedDestruction, ZSFX, ZNetView"
"sfx_bonemaw_serpent_death", -2081226858, "TimedDestruction, ZSFX, ZNetView"
"sfx_bonemaw_serpent_spit", -1433529766, "TimedDestruction, ZSFX, ZNetView"
"sfx_bonemaw_serpent_spit_hit", 734636168, "TimedDestruction, ZSFX, ZNetView"
"sfx_bonepile_destroyed", -1605529788, "TimedDestruction, ZSFX, ZNetView"
"sfx_bones_pick", -643696903, "TimedDestruction, ZSFX, ZNetView"
"sfx_bow_draw", -1901670101, "TimedDestruction, ZSFX, ZNetView"
"sfx_bow_fire", -1888631953, "TimedDestruction, ZSFX, ZNetView"
"sfx_bow_fire_silent", -2097698275, "TimedDestruction, ZSFX, ZNetView"
"sfx_bowl_AddItem", -1515693285, "TimedDestruction, ZSFX, ZNetView"
"sfx_build_cultivator", 1257287840, "TimedDestruction, ZSFX, ZNetView"
"sfx_build_hammer_crystal", -1278010020, "TimedDestruction, ZSFX, ZNetView"
"sfx_build_hammer_default", 2097750009, "TimedDestruction, ZSFX, ZNetView"
"sfx_build_hammer_metal", 280157711, "TimedDestruction, ZSFX, ZNetView"
"sfx_build_hammer_stone", -1311934539, "TimedDestruction, ZSFX, ZNetView"
"sfx_build_hammer_wood", -2011991903, "TimedDestruction, ZSFX, ZNetView"
"sfx_build_hoe", -699454731, "TimedDestruction, ZSFX, ZNetView"
"sfx_bush_hit", -1065983654, "TimedDestruction, ZSFX, ZNetView"
"sfx_carrion_destroyed", -438709036, "TimedDestruction, ZSFX, ZNetView"
"sfx_cart_hit", 227256914, "TimedDestruction, ZSFX, ZNetView"
"sfx_catapult_ammo_load", -244595954, "TimedDestruction, ZSFX, ZNetView"
"sfx_catapult_charge", 132947965, "TimedDestruction, ZSFX, ZNetView"
"sfx_catapult_legs_down", -1856785145, "TimedDestruction, ZSFX, ZNetView"
"sfx_catapult_legs_up", -1500948554, "TimedDestruction, ZSFX, ZNetView"
"sfx_catapult_place_item", -40937556, "TimedDestruction, ZSFX, ZNetView"
"sfx_catapult_shoot", 1094586374, "TimedDestruction, ZSFX, ZNetView"
"sfx_charred_alert", 940788660, "TimedDestruction, ZSFX, ZNetView"
"sfx_charred_archer_bow_draw", 1991349003, "TimedDestruction, ZSFX, ZNetView"
"sfx_charred_archer_bow_release", 939435176, "TimedDestruction, ZSFX, ZNetView"
"sfx_charred_archer_volley_draw", -877566190, "TimedDestruction, ZSFX, ZNetView"
"sfx_charred_archer_volley_release", 865300453, "TimedDestruction, ZSFX, ZNetView"
"sfx_charred_death", -396667208, "TimedDestruction, ZSFX, ZNetView"
"sfx_charred_hurt", -1944414863, "TimedDestruction, ZSFX, ZNetView"
"sfx_charred_idle", -398275568, "TimedDestruction, ZSFX, ZNetView"
"sfx_charred_mage_alert", 1794317145, "TimedDestruction, ZSFX, ZNetView"
"sfx_charred_mage_attack_charge", -653058214, "TimedDestruction, ZSFX, ZNetView"
"sfx_charred_mage_attack_shoot", -1913511289, "TimedDestruction, ZSFX, ZNetView"
"sfx_charred_mage_spawn_staff", -766326475, "TimedDestruction, ZSFX, ZNetView"
"sfx_charred_melee_attack_lift", -1018400547, "TimedDestruction, ZSFX, ZNetView"
"sfx_charred_melee_attack_stab", -2127498516, "TimedDestruction, ZSFX, ZNetView"
"sfx_charred_melee_attack_swing", -1409422610, "TimedDestruction, ZSFX, ZNetView"
"sfx_charred_spawner_destroy", -1886277181, "TimedDestruction, ZSFX, ZNetView"
"sfx_charred_twitcher_alert", -402748695, "TimedDestruction, ZSFX, ZNetView"
"sfx_charred_twitcher_attack", 730581695, "TimedDestruction, ZSFX, ZNetView"
"sfx_charred_twitcher_death", -377963657, "TimedDestruction, ZSFX, ZNetView"
"sfx_charred_twitcher_hurt", -1267252934, "TimedDestruction, ZSFX, ZNetView"
"sfx_charred_twitcher_idle", 298831295, "TimedDestruction, ZSFX, ZNetView"
"sfx_charred_twitcher_summoned_alert", -1357464596, "TimedDestruction, ZSFX, ZNetView"
"sfx_charred_twitcher_throw", 475727613, "TimedDestruction, ZSFX, ZNetView"
"sfx_charred_twitcher_throw_impact", 139239012, "TimedDestruction, ZSFX, ZNetView"
"sfx_chest_close", -72591688, "TimedDestruction, ZSFX, ZNetView"
"sfx_chest_open", -1129500684, "TimedDestruction, ZSFX, ZNetView"
"sfx_chick_hurt", 1569470562, "TimedDestruction, ZSFX, ZNetView"
"sfx_chicken_death", 1145854360, "TimedDestruction, ZSFX, ZNetView"
"sfx_chicken_eat", -333526740, "TimedDestruction, ZSFX, ZNetView"
"sfx_chicken_footstep", 1332483512, "TimedDestruction, ZSFX, ZNetView"
"sfx_chicken_hurt", -1310422729, "TimedDestruction, ZSFX, ZNetView"
"sfx_chicken_idle_wingflap", 1875429571, "TimedDestruction, ZSFX, ZNetView"
"sfx_chicken_idle_vocal", 151773982, "TimedDestruction, ZSFX, ZNetView"
"sfx_cinder_rain_hit", 2065491376, "TimedDestruction, ZSFX, ZNetView"
"sfx_claw_swing", 296086892, "TimedDestruction, ZSFX, ZNetView"
"sfx_clay_pot_break", -686059339, "TimedDestruction, ZSFX, ZNetView"
"sfx_club_hit", 1859348788, "TimedDestruction, ZSFX, ZNetView"
"sfx_club_swing", 180601353, "TimedDestruction, ZSFX, ZNetView"
"sfx_coins_destroyed", 956240876, "TimedDestruction, ZSFX, ZNetView"
"sfx_coins_pile_destroyed", -1890597475, "TimedDestruction, ZSFX, ZNetView"
"sfx_coins_pile_placed", -1022715103, "TimedDestruction, ZSFX, ZNetView"
"sfx_coins_placed", 1987656624, "TimedDestruction, ZSFX, ZNetView"
"sfx_cooking_station_burnt", 1597637767, "TimedDestruction, ZSFX, ZNetView"
"sfx_cooking_station_done", -1771031886, "TimedDestruction, ZSFX, ZNetView"
"sfx_cooking_station_take", -440219305, "TimedDestruction, ZSFX, ZNetView"
"sfx_creature_consume", -331212374, "TimedDestruction, ZSFX, ZNetView"
"sfx_crow_death", -442618672, "TimedDestruction, ZSFX, ZNetView"
"sfx_deathsquito_attack", 1259899960, "TimedDestruction, ZSFX, ZNetView"
"sfx_deer_alerted", -357044922, "TimedDestruction, ZSFX, ZNetView"
"sfx_deer_death", 786261919, "TimedDestruction, ZSFX, ZNetView"
"sfx_deer_idle", 184170615, "TimedDestruction, ZSFX, ZNetView"
"sfx_demister_start", -163199496, "TimedDestruction, ZSFX, ZNetView"
"sfx_dodge", 2120243119, "TimedDestruction, ZSFX, ZNetView, CamShaker"
"sfx_dragon_alerted", -812720353, "TimedDestruction, ZSFX, ZNetView"
"sfx_dragon_coldball_explode", -2106959121, "TimedDestruction, ZSFX, ZNetView, CamShaker"
"sfx_dragon_coldball_launch", 448545629, "TimedDestruction, ZSFX, ZNetView"
"sfx_dragon_coldball_start", -626665322, "TimedDestruction, ZSFX, ZNetView"
"sfx_dragon_coldbreath_start", 2128287383, "TimedDestruction, ZSFX, ZNetView"
"sfx_dragon_coldbreath_trailon", -238966068, "TimedDestruction, ZSFX, ZNetView, CamShaker"
"sfx_dragon_death", 1090343548, "TimedDestruction, ZSFX, ZNetView"
"sfx_dragon_hurt", -891344597, "TimedDestruction, ZSFX, ZNetView"
"sfx_dragon_idle", -1650858748, "TimedDestruction, ZSFX, ZNetView"
"sfx_dragon_melee_hit", -1804404888, "TimedDestruction, ZSFX, ZNetView, CamShaker"
"sfx_dragon_melee_start", 1936230299, "TimedDestruction, ZSFX, ZNetView"
"sfx_dragon_scream", 1061380211, "TimedDestruction, ZSFX, ZNetView, CamShaker"
"sfx_dragonegg_destroy", 52560671, "TimedDestruction, ZSFX, ZNetView"
"sfx_draugr_alerted", 1448680921, "TimedDestruction, ZSFX, ZNetView"
"sfx_draugr_death", -1989076202, "TimedDestruction, ZSFX, ZNetView"
"sfx_draugr_hit", -112770717, "TimedDestruction, ZSFX, ZNetView"
"sfx_draugr_idle", -419194450, "TimedDestruction, ZSFX, ZNetView"
"sfx_draugrpile_destroyed", -1876585691, "TimedDestruction, ZSFX, ZNetView"
"sfx_draugrpile_hit", -920114813, "TimedDestruction, ZSFX, ZNetView"
"sfx_DraugrSpawn", -1626280682, "TimedDestruction, ZSFX, ZNetView"
"sfx_drink", 843131976, "TimedDestruction, ZSFX, ZNetView"
"sfx_dverger_ball_start", 1027054650, "TimedDestruction, ZSFX, ZNetView"
"sfx_dverger_fireball_rain_shot", -1476164013, "TimedDestruction, ZSFX, ZNetView"
"sfx_dverger_fireball_rain_start", -2007471813, "TimedDestruction, ZSFX, ZNetView"
"sfx_dverger_footsteps", 1029945383, "TimedDestruction, ZSFX, ZNetView"
"sfx_dverger_heal_finish", 145545524, "TimedDestruction, ZSFX, ZNetView"
"sfx_dverger_heal_start", 1623111531, "TimedDestruction, ZSFX, ZNetView"
"sfx_dverger_heavyattack_launch", -441567607, "TimedDestruction, ZSFX, ZNetView"
"sfx_dverger_ice_aoe_start", -2138868324, "TimedDestruction, ZSFX, ZNetView"
"sfx_dverger_ice_projectile_start", 1851626712, "TimedDestruction, ZSFX, ZNetView"
"sfx_dverger_staff_baseattack_foley", -490299558, "TimedDestruction, ZSFX, ZNetView"
"sfx_dverger_staff_kolvattack_foley", 1587788081, "TimedDestruction, ZSFX, ZNetView"
"sfx_dverger_staff_poke_foley", -1780822866, "TimedDestruction, ZSFX, ZNetView"
"sfx_dverger_vo_alerted", 1577646117, "TimedDestruction, ZSFX, ZNetView"
"sfx_dverger_vo_attack", 1236880372, "TimedDestruction, ZSFX, ZNetView"
"sfx_dverger_vo_death", 801550882, "TimedDestruction, ZSFX, ZNetView"
"sfx_dverger_vo_hurt", 133703909, "TimedDestruction, ZSFX, ZNetView"
"sfx_dverger_vo_idle", 987327610, "TimedDestruction, ZSFX, ZNetView"
"sfx_eat", -1371474352, "TimedDestruction, ZSFX, ZNetView"
"sfx_eikthyr_alert", -1120079577, "TimedDestruction, ZSFX, ZNetView"
"sfx_eikthyr_death", -138843163, "TimedDestruction, ZSFX, ZNetView"
"sfx_eikthyr_hit", 789326860, "TimedDestruction, ZSFX, ZNetView"
"sfx_eikthyr_idle", -1976095907, "TimedDestruction, ZSFX, ZNetView"
"sfx_equip", 1387578946, "TimedDestruction, ZSFX, ZNetView"
"sfx_equip_start", 1204475865, "TimedDestruction, ZSFX, ZNetView"
"sfx_fader_bell", 1080775478, "TimedDestruction, ZSFX, ZNetView"
"sfx_fader_bite_pre", 1616619067, "TimedDestruction, ZSFX, ZNetView"
"sfx_fader_bite_snarl", 892523412, "TimedDestruction, ZSFX, ZNetView"
"sfx_fader_claw_pre", -1282958210, "TimedDestruction, ZSFX, ZNetView"
"sfx_fader_claw_swipe", 876240691, "TimedDestruction, ZSFX, ZNetView"
"sfx_fader_death_explosion", 792511059, "TimedDestruction, ZSFX, ZNetView"
"sfx_fader_death_start", 1643732928, "TimedDestruction, ZSFX, ZNetView"
"sfx_fader_firebreath_in", 1770557061, "TimedDestruction, ZSFX, ZNetView"
"sfx_fader_firebreath_out", 1214965194, "TimedDestruction, ZSFX, ZNetView"
"sfx_fader_firewall_fireburst", -889604654, "TimedDestruction, ZSFX, ZNetView"
"sfx_fader_firewall_start", 1924404360, "TimedDestruction, ZSFX, ZNetView"
"sfx_fader_fissure", 1214074822, "TimedDestruction, ZSFX, ZNetView, CamShaker"
"sfx_fader_fissure_footimpact", 2011316295, "TimedDestruction, ZSFX, ZNetView"
"sfx_fader_fissure_footslide", -1862032388, "TimedDestruction, ZSFX, ZNetView"
"sfx_fader_idle", -1433040103, "TimedDestruction, ZSFX, ZNetView"
"sfx_fader_spawn_meteor_ambience", 425888012, "TimedDestruction, ZSFX, ZNetView"
"sfx_fader_spawn_meteor_arrival", -489349787, "TimedDestruction, ZSFX, ZNetView"
"sfx_fader_spawn_meteor_impact", -820060986, "TimedDestruction, ZSFX, ZNetView"
"sfx_fader_spin", -175874239, "TimedDestruction, ZSFX, ZNetView"
"sfx_fader_taunt", -1828414573, "TimedDestruction, ZSFX, ZNetView, CamShaker"
"sfx_fallenvalkyrie_alert", -203891388, "TimedDestruction, ZSFX, ZNetView"
"sfx_fallenvalkyrie_attack", 119997998, "TimedDestruction, ZSFX, ZNetView"
"sfx_fallenvalkyrie_attack_claw", -1719709320, "TimedDestruction, ZSFX, ZNetView"
"sfx_fallenvalkyrie_attack_spin_charge", 317834080, "TimedDestruction, ZSFX, ZNetView"
"sfx_fallenvalkyrie_attack_spin_release", 2045652327, "TimedDestruction, ZSFX, ZNetView"
"sfx_fallenvalkyrie_attack_spit_charge", 1221140162, "TimedDestruction, ZSFX, ZNetView"
"sfx_fallenvalkyrie_attack_spit_projectile", 340702425, "TimedDestruction, ZSFX, ZNetView"
"sfx_fallenvalkyrie_attack_spit_projectile_impact", -1499090540, "TimedDestruction, ZSFX, ZNetView"
"sfx_fallenvalkyrie_attack_spit_vocal", 1325027919, "TimedDestruction, ZSFX, ZNetView"
"sfx_fallenvalkyrie_death", 483784496, "TimedDestruction, ZSFX, ZNetView"
"sfx_fallenvalkyrie_idle", -345982376, "TimedDestruction, ZSFX, ZNetView"
"sfx_fallenvalkyrie_screech", -441474569, "TimedDestruction, ZSFX, ZNetView"
"sfx_fallenvalkyrie_taunt", 793029230, "TimedDestruction, ZSFX, ZNetView"
"sfx_fallenvalkyrie_wingflap", 1832667634, "TimedDestruction, ZSFX, ZNetView"
"sfx_feast_destroyed", 1135616875, "TimedDestruction, ZSFX, ZNetView"
"sfx_fenring_alerted", -1862261727, "TimedDestruction, ZSFX, ZNetView"
"sfx_fenring_claw_hit", 342632397, "TimedDestruction, ZSFX, ZNetView"
"sfx_fenring_claw_start", 1227596662, "TimedDestruction, ZSFX, ZNetView"
"sfx_fenring_claw_trailstart", 590949502, "TimedDestruction, ZSFX, ZNetView"
"sfx_fenring_death", 726801436, "TimedDestruction, ZSFX, ZNetView"
"sfx_fenring_fireclaw", -780440161, "ZSFX, ZNetView, TimedDestruction"
"sfx_fenring_howl", -1210864460, "TimedDestruction, ZSFX, ZNetView"
"sfx_fenring_idle", 536788148, "TimedDestruction, ZSFX, ZNetView"
"sfx_fenring_jump_start", -2025415501, "TimedDestruction, ZSFX, ZNetView"
"sfx_fenring_jump_trailstart", 42596973, "TimedDestruction, ZSFX, ZNetView"
"sfx_fenring_jump_trigger", -227508653, "TimedDestruction, ZSFX, ZNetView"
"sfx_fermenter_add", -1504196720, "TimedDestruction, ZSFX, ZNetView"
"sfx_fermenter_tap", -1907481662, "TimedDestruction, ZSFX, ZNetView"
"sfx_FireAddFuel", -544513927, "TimedDestruction, ZSFX, ZNetView"
"sfx_firestaff_launch", -91247242, "TimedDestruction, ZSFX, ZNetView"
"sfx_firework_explode", 1828036487, "TimedDestruction, ZNetView"
"sfx_fishingrod_linebreak", 769769393, "ZSFX, TimedDestruction, ZNetView"
"sfx_fishingrod_swing", 1243570260, "ZSFX, TimedDestruction, ZNetView"
"sfx_fist_metal_blocked", 1977532003, "TimedDestruction, ZSFX, ZNetView"
"sfx_Frost_Start", 919660713, "TimedDestruction, ZSFX, ZNetView"
"sfx_gdking_alert", -1849978965, "TimedDestruction, ZSFX, ZNetView"
"sfx_gdking_death", 286111049, "TimedDestruction, ZSFX, ZNetView, CamShaker"
"sfx_gdking_idle", 603150001, "TimedDestruction, ZSFX, ZNetView"
"sfx_gdking_punch", -371166203, "TimedDestruction, ZSFX, ZNetView"
"sfx_gdking_rock_destroyed", -2047078594, "TimedDestruction, ZSFX, ZNetView"
"sfx_gdking_scream", -669580346, "TimedDestruction, ZSFX, ZNetView, CamShaker"
"sfx_gdking_shoot_start", 1621948229, "TimedDestruction, ZSFX, ZNetView, CamShaker"
"sfx_gdking_shoot_trigger", -1858890103, "TimedDestruction, ZSFX, ZNetView, CamShaker"
"sfx_gdking_spawn", -2000700602, "TimedDestruction, ZSFX, ZNetView"
"sfx_gdking_stomp", -1268036788, "TimedDestruction, ZSFX, ZNetView"
"sfx_ghost_alert", -1797734528, "TimedDestruction, ZSFX, ZNetView"
"sfx_ghost_attack", -698369758, "TimedDestruction, ZSFX, ZNetView"
"sfx_ghost_attack_hit", 1668762708, "TimedDestruction, ZSFX, ZNetView"
"sfx_ghost_death", -1293429652, "TimedDestruction, ZSFX, ZNetView"
"sfx_ghost_hurt", 62237157, "TimedDestruction, ZSFX, ZNetView"
"sfx_ghost_idle", 122846068, "TimedDestruction, ZSFX, ZNetView"
"sfx_ghosts_death", -2083089447, "TimedDestruction, ZSFX, ZNetView"
"sfx_ghosts_footstep", -1772171095, "TimedDestruction, ZSFX, ZNetView"
"sfx_ghosts_hurt", -1812930062, "TimedDestruction, ZSFX, ZNetView"
"sfx_ghosts_idle", 15275361, "TimedDestruction, ZSFX, ZNetView"
"sfx_ghosts_melee_attack", -2139518358, "TimedDestruction, ZSFX, ZNetView"
"sfx_ghosts_melee_attack_impact", -1959543941, "TimedDestruction, ZSFX, ZNetView"
"sfx_gjall_alerted", -232314874, "TimedDestruction, ZSFX, ZNetView"
"sfx_gjall_attack_shake", -1948064278, "TimedDestruction, ZSFX, ZNetView"
"sfx_gjall_attack_tick_drop", -192269159, "TimedDestruction, ZSFX, ZNetView"
"sfx_gjall_death", -1919066995, "TimedDestruction, ZSFX, ZNetView"
"sfx_gjall_idle_blowout", 862501002, "TimedDestruction, ZSFX, ZNetView"
"sfx_gjall_idle_shiver", 1279745369, "TimedDestruction, ZSFX, ZNetView"
"sfx_gjall_idle_vocals", 794354548, "TimedDestruction, ZSFX, ZNetView"
"sfx_gjall_spit", 2119395747, "TimedDestruction, ZSFX, ZNetView"
"sfx_gjall_spit_fx", 572773820, "TimedDestruction, ZSFX, ZNetView"
"sfx_gjall_spit_impact", 1357883520, "TimedDestruction, ZSFX, ZNetView"
"sfx_gjall_tick_drop", -1372830262, "TimedDestruction, ZSFX, ZNetView"
"sfx_goblin_alerted", 957066015, "TimedDestruction, ZSFX, ZNetView"
"sfx_goblin_death", -1484016104, "TimedDestruction, ZSFX, ZNetView"
"sfx_goblin_hit", 92356725, "TimedDestruction, ZSFX, ZNetView"
"sfx_goblin_idle", 298715040, "TimedDestruction, ZSFX, ZNetView"
"sfx_goblinbrute_alerted", 209539363, "TimedDestruction, ZSFX, ZNetView"
"sfx_goblinbrute_clubhit", -436006683, "TimedDestruction, ZSFX, ZNetView, CamShaker"
"sfx_goblinbrute_clubswing", -790848394, "TimedDestruction, ZSFX, ZNetView"
"sfx_goblinbrute_death", 1813676922, "TimedDestruction, ZSFX, ZNetView"
"sfx_goblinbrute_hit", -1694032143, "TimedDestruction, ZSFX, ZNetView"
"sfx_goblinking_beam", 1731195420, "TimedDestruction, ZSFX, ZNetView, CamShaker"
"sfx_goblinking_taunt", 363874217, "TimedDestruction, ZSFX, ZNetView, CamShaker"
"sfx_GoblinShaman_alerted", 324164379, "TimedDestruction, ZSFX, ZNetView"
"sfx_GoblinShaman_death", -1202814254, "TimedDestruction, ZSFX, ZNetView"
"sfx_GoblinShaman_fireball_launch", -512484755, "TimedDestruction, ZSFX, ZNetView"
"sfx_GoblinShaman_hurt", -840257425, "TimedDestruction, ZSFX, ZNetView"
"sfx_GoblinShaman_idle", 1888625450, "TimedDestruction, ZSFX, ZNetView"
"sfx_greydwarf_alerted", 869677353, "TimedDestruction, ZSFX, ZNetView"
"sfx_greydwarf_attack", 1675311800, "TimedDestruction, ZSFX, ZNetView"
"sfx_greydwarf_attack_hit", -1632421286, "TimedDestruction, ZSFX, ZNetView"
"sfx_greydwarf_death", -1447958386, "TimedDestruction, ZSFX, ZNetView"
"sfx_greydwarf_elite_alerted", 1560640839, "TimedDestruction, ZSFX, ZNetView"
"sfx_greydwarf_elite_attack", -1245172204, "TimedDestruction, ZSFX, ZNetView"
"sfx_greydwarf_elite_death", -1424600366, "TimedDestruction, ZSFX, ZNetView"
"sfx_greydwarf_elite_idle", -272788038, "TimedDestruction, ZSFX, ZNetView"
"sfx_greydwarf_hit", 768797863, "TimedDestruction, ZSFX, ZNetView"
"sfx_greydwarf_idle", 518810534, "TimedDestruction, ZSFX, ZNetView"
"sfx_greydwarf_shaman_attack", 698141549, "TimedDestruction, ZSFX, ZNetView"
"sfx_greydwarf_shaman_heal", -921150635, "TimedDestruction, ZSFX, ZNetView"
"sfx_greydwarf_stone_hit", -1806562545, "TimedDestruction, ZSFX, ZNetView"
"sfx_greydwarf_throw", -1038008944, "TimedDestruction, ZSFX, ZNetView"
"sfx_greydwarfnest_destroyed", -2107531651, "TimedDestruction, ZSFX, ZNetView"
"sfx_greydwarfnest_hit", 1009431615, "TimedDestruction, ZSFX, ZNetView"
"sfx_greyling_alerted", 36140811, "TimedDestruction, ZSFX, ZNetView"
"sfx_greyling_attack", -309914534, "TimedDestruction, ZSFX, ZNetView"
"sfx_greyling_death", -160017500, "TimedDestruction, ZSFX, ZNetView"
"sfx_greyling_hit", 933333521, "TimedDestruction, ZSFX, ZNetView"
"sfx_greyling_idle", -1568237828, "TimedDestruction, ZSFX, ZNetView"
"sfx_GuckSackDestroyed", 1741169793, "TimedDestruction, ZSFX, ZNetView"
"sfx_GuckSackHit", -233871765, "TimedDestruction, ZSFX, ZNetView"
"sfx_gui_craftitem", 362390805, "TimedDestruction, ZSFX, ZNetView"
"sfx_gui_craftitem_cauldron", 1448794450, "TimedDestruction, ZSFX, ZNetView"
"sfx_gui_craftitem_cauldron_end", -1871015160, "TimedDestruction, ZSFX, ZNetView"
"sfx_gui_craftitem_end", -1488968663, "TimedDestruction, ZSFX, ZNetView"
"sfx_gui_craftitem_forge", -1252768741, "TimedDestruction, ZSFX, ZNetView"
"sfx_gui_craftitem_forge_end", -1845774265, "TimedDestruction, ZSFX, ZNetView"
"sfx_gui_craftitem_workbench", 443759629, "TimedDestruction, ZSFX, ZNetView"
"sfx_gui_craftitem_workbench_end", 879403129, "TimedDestruction, ZSFX, ZNetView"
"sfx_gui_repairitem_forge", -1701226344, "TimedDestruction, ZSFX, ZNetView"
"sfx_gui_repairitem_workbench", 922799634, "TimedDestruction, ZSFX, ZNetView"
"sfx_haldor_greet", 35942974, "TimedDestruction, ZSFX, ZNetView"
"sfx_haldor_laugh", -1346573826, "TimedDestruction, ZSFX, ZNetView"
"sfx_haldor_yea", -111516482, "TimedDestruction, ZSFX, ZNetView"
"sfx_hare_alerted", -590252532, "TimedDestruction, ZSFX, ZNetView"
"sfx_hare_death_vocal", 766344711, "TimedDestruction, ZSFX, ZNetView"
"sfx_hare_idle", 1121438395, "TimedDestruction, ZSFX, ZNetView"
"sfx_hare_idle_eating", -1705482, "TimedDestruction, ZSFX, ZNetView"
"sfx_hatchling_alerted", 1199232568, "TimedDestruction, ZSFX, ZNetView"
"sfx_hatchling_coldball_explode", -1823965796, "TimedDestruction, ZSFX, ZNetView, CamShaker"
"sfx_hatchling_coldball_launch", -1782709912, "TimedDestruction, ZSFX, ZNetView"
"sfx_hatchling_coldball_start", 1547577083, "TimedDestruction, ZSFX, ZNetView"
"sfx_hatchling_death", -558295565, "TimedDestruction, ZSFX, ZNetView"
"sfx_hatchling_idle", -11215269, "TimedDestruction, ZSFX, ZNetView"
"sfx_hatcling_hurt", -2057165472, "TimedDestruction, ZSFX, ZNetView"
"sfx_hit", -1015244101, "TimedDestruction, ZSFX, ZNetView"
"sfx_HiveQueen_acitspit", -427360716, "TimedDestruction, ZSFX, ZNetView"
"sfx_HiveQueen_alerted", -115049582, "TimedDestruction, ZSFX, ZNetView"
"sfx_HiveQueen_backslam", 747352637, "TimedDestruction, ZSFX, ZNetView"
"sfx_HiveQueen_bite", 169548283, "TimedDestruction, ZSFX, ZNetView"
"sfx_HiveQueen_burrow", -1850504928, "TimedDestruction, ZSFX, ZNetView"
"sfx_HiveQueen_callout", 55346721, "TimedDestruction, ZSFX, ZNetView"
"sfx_HiveQueen_doubleslash", -297293675, "TimedDestruction, ZSFX, ZNetView"
"sfx_HiveQueen_idle", 1722335429, "TimedDestruction, ZSFX, ZNetView"
"sfx_HiveQueen_move", 1856591514, "TimedDestruction, ZSFX, ZNetView"
"sfx_HiveQueen_pierce", -1200378047, "TimedDestruction, ZSFX, ZNetView"
"sfx_HiveQueen_rush", -764886347, "TimedDestruction, ZSFX, ZNetView"
"sfx_HiveQueen_slash", 369873936, "TimedDestruction, ZSFX, ZNetView"
"sfx_HiveQueen_slashcombo", -1819784222, "TimedDestruction, ZSFX, ZNetView"
"sfx_HiveQueen_spitimpact", 400225113, "TimedDestruction, ZSFX, ZNetView"
"sfx_HiveQueen_turn", -1927685696, "TimedDestruction, ZSFX, ZNetView"
"sfx_ice_destroyed", 1212214977, "TimedDestruction, ZSFX, ZNetView"
"sfx_ice_hit", 1099069099, "TimedDestruction, ZSFX, ZNetView"
"sfx_icestaff_start", -958668374, "TimedDestruction, ZSFX, ZNetView"
"sfx_imp_alerted", -228445012, "TimedDestruction, ZSFX, ZNetView"
"sfx_imp_death", 518456693, "TimedDestruction, ZSFX, ZNetView, CamShaker"
"sfx_imp_fireball_explode", 232946994, "TimedDestruction, ZSFX, ZNetView, CamShaker"
"sfx_imp_fireball_launch", -310863970, "TimedDestruction, ZSFX, ZNetView"
"sfx_imp_hit", 1565498190, "TimedDestruction, ZSFX, ZNetView"
"sfx_jump", -1081772602, "TimedDestruction, ZSFX, ZNetView"
"sfx_kiln_addore", 512263924, "TimedDestruction, ZSFX, ZNetView"
"sfx_kiln_produce", -664898105, "TimedDestruction, ZSFX, ZNetView"
"sfx_knife_swing", 21597614, "TimedDestruction, ZSFX, ZNetView"
"sfx_kromsword_swing", -1364851665, "TimedDestruction, ZSFX, ZNetView"
"sfx_kvastur_death", 419668313, "TimedDestruction, ZSFX, ZNetView, CamShaker"
"sfx_land", 484569737, "TimedDestruction, ZSFX, ZNetView, CamShaker"
"sfx_land_water", 988384127, "TimedDestruction, ZSFX, ZNetView"
"sfx_leech_alerted", -1181261327, "TimedDestruction, ZSFX, ZNetView"
"sfx_leech_attack", 1501365952, "TimedDestruction, ZSFX, ZNetView"
"sfx_leech_attack_hit", -2045834926, "TimedDestruction, ZSFX, ZNetView"
"sfx_leech_death", 1479879878, "TimedDestruction, ZSFX, ZNetView"
"sfx_leech_hit", 578078319, "TimedDestruction, ZSFX, ZNetView"
"sfx_leech_idle", 102110366, "TimedDestruction, ZSFX, ZNetView"
"sfx_lootspawn", 2020511185, "TimedDestruction, ZSFX, ZNetView"
"sfx_lox_alerted", -1863847711, "TimedDestruction, ZSFX, ZNetView"
"sfx_lox_attack_bite", 468474163, "TimedDestruction, ZSFX, ZNetView"
"sfx_lox_attack_stomp", -145504576, "TimedDestruction, ZSFX, ZNetView"
"sfx_lox_shout", 2072191495, "TimedDestruction, ZSFX, ZNetView"
"sfx_loxcalf_alerted", -469793791, "TimedDestruction, ZSFX, ZNetView"
"sfx_MeadBurp", 1571728298, "ZSFX, ZNetView, TimedDestruction"
"sfx_metal_blocked", 1124696762, "TimedDestruction, ZSFX, ZNetView"
"sfx_metal_blocked_overlay", -1760283719, "TimedDestruction, ZSFX, ZNetView"
"sfx_metal_shield_blocked", -1772608940, "TimedDestruction, ZSFX, ZNetView"
"sfx_metal_shield_blocked_overlay", -840864991, "TimedDestruction, ZSFX, ZNetView"
"sfx_mill_add", 2057247232, "TimedDestruction, ZSFX, ZNetView"
"sfx_mill_produce", -1118938029, "TimedDestruction, ZSFX, ZNetView"
"sfx_morgen_alert", -411817177, "TimedDestruction, ZSFX, ZNetView"
"sfx_morgen_attack", 294664817, "TimedDestruction, ZSFX, ZNetView"
"sfx_morgen_death", -436601427, "TimedDestruction, ZSFX, ZNetView"
"sfx_morgen_idle", -51253819, "TimedDestruction, ZSFX, ZNetView"
"sfx_morgen_roll_jump", -139784891, "TimedDestruction, ZSFX, ZNetView"
"sfx_morgen_roll_land", -58973056, "TimedDestruction, ZSFX, ZNetView"
"sfx_morgen_slap", 1057584639, "TimedDestruction, ZSFX, ZNetView"
"sfx_morgen_slap_delayed", 1820325296, "TimedDestruction, ZSFX, ZNetView"
"sfx_morgen_spawn", -1691837302, "TimedDestruction, ZSFX, ZNetView"
"sfx_MudDestroyed", 821843025, "TimedDestruction, ZSFX, ZNetView"
"sfx_MudHit", 1067687063, "TimedDestruction, ZSFX, ZNetView"
"sfx_neck_alerted", 952841829, "TimedDestruction, ZSFX, ZNetView"
"sfx_neck_attack", 43892854, "TimedDestruction, ZSFX, ZNetView"
"sfx_neck_attack_hit", -2127668968, "TimedDestruction, ZSFX, ZNetView"
"sfx_neck_death", -1277955800, "TimedDestruction, ZSFX, ZNetView"
"sfx_neck_hit", 654439419, "TimedDestruction, ZSFX, ZNetView"
"sfx_neck_idle", -775797488, "TimedDestruction, ZSFX, ZNetView"
"sfx_obliterator_close", 1274852592, "TimedDestruction, ZSFX, ZNetView"
"sfx_obliterator_open", -682457896, "TimedDestruction, ZSFX, ZNetView"
"sfx_offering", -1982248368, "TimedDestruction, ZSFX, ZNetView"
"sfx_oozebomb_explode", -1817721841, "TimedDestruction, ZSFX, ZNetView"
"sfx_OpenPortal", 732280816, "TimedDestruction, ZSFX, ZNetView"
"sfx_oven_burnt", -1005547168, "TimedDestruction, ZSFX, ZNetView"
"sfx_oven_done", -1547861929, "TimedDestruction, ZSFX, ZNetView"
"sfx_oven_take", 307453894, "TimedDestruction, ZSFX, ZNetView"
"sfx_perfect_dodge", 653141455, "TimedDestruction, ZSFX, ZNetView, CamShaker"
"sfx_perfectblock", -937050156, "TimedDestruction, ZSFX, ZNetView"
"sfx_pickable_pick", 309311199, "TimedDestruction, ZSFX, ZNetView"
"sfx_pickaxe_hit", 1303862709, "TimedDestruction, ZSFX, ZNetView"
"sfx_pickaxe_swing", -2079789852, "TimedDestruction, ZSFX, ZNetView"
"sfx_Poison_Start", -719076567, "TimedDestruction, ZSFX, ZNetView"
"sfx_Potion_eitr_minor", -332886724, "TimedDestruction, ZSFX, ZNetView"
"sfx_Potion_fireresist_Start", -2037636801, "TimedDestruction, ZSFX, ZNetView"
"sfx_Potion_frostresist_Start", -343832221, "TimedDestruction, ZSFX, ZNetView"
"sfx_Potion_health_large", 861580176, "TimedDestruction, ZSFX, ZNetView"
"sfx_Potion_health_medium", -477618694, "TimedDestruction, ZSFX, ZNetView"
"sfx_Potion_health_minor", -1947863526, "TimedDestruction, ZSFX, ZNetView"
"sfx_Potion_health_Start", 679702861, "TimedDestruction, ZSFX, ZNetView"
"sfx_Potion_stamina_Start", 513203996, "TimedDestruction, ZSFX, ZNetView"
"sfx_Potion_stamina_Start_lingering", -1880311490, "TimedDestruction, ZSFX, ZNetView"
"sfx_Potion_stamina_Start_medium", -2058822514, "TimedDestruction, ZSFX, ZNetView"
"sfx_prespawn", 482237526, "TimedDestruction, ZSFX, ZNetView, CamShaker"
"sfx_prespawn_fader", -431650319, "TimedDestruction, ZSFX, ZNetView, CamShaker"
"sfx_ProjectileHit", 933664922, "TimedDestruction, ZSFX, ZNetView"
"sfx_Puke_female", -326315518, "ZNetView, ZSyncTransform, ZSFX"
"sfx_Puke_male", -90428465, "ZNetView, ZSyncTransform, ZSFX"
"sfx_reload_done", 1969967132, "TimedDestruction, ZSFX, ZNetView"
"sfx_reload_dverger_done", -1326462186, "TimedDestruction, ZSFX, ZNetView"
"sfx_reload_dverger_start", -525378698, "TimedDestruction, ZSFX, ZNetView"
"sfx_reload_start", -320719252, "TimedDestruction, ZSFX, ZNetView"
"sfx_rock_destroyed", 443205179, "TimedDestruction, ZSFX, ZNetView"
"sfx_rock_hit", 1659574845, "TimedDestruction, ZSFX, ZNetView"
"sfx_rock_wall_crumble", 475248711, "TimedDestruction, ZSFX, ZNetView"
"sfx_rooster_idle", -345161545, "TimedDestruction, ZSFX, ZNetView"
"sfx_secretfound", 1862739074, "TimedDestruction, ZSFX, ZNetView"
"sfx_serpent_alerted", -1937784263, "TimedDestruction, ZSFX, ZNetView"
"sfx_serpent_attack", 1720244614, "TimedDestruction, ZSFX, ZNetView"
"sfx_serpent_attack_hit", -53659712, "TimedDestruction, ZSFX, ZNetView"
"sfx_serpent_attack_trigger", 1664749613, "TimedDestruction, ZSFX, ZNetView"
"sfx_serpent_death", 664835072, "TimedDestruction, ZSFX, ZNetView"
"sfx_serpent_hurt", 1296799745, "TimedDestruction, ZSFX, ZNetView"
"sfx_serpent_idle", -1452028264, "TimedDestruction, ZSFX, ZNetView"
"sfx_serpent_taunt", -1775091842, "TimedDestruction, ZSFX, ZNetView, CamShaker"
"sfx_shieldgenerator_hit", 7162394, "TimedDestruction, ZSFX, ZNetView"
"sfx_shieldgenerator_refuel", -752129140, "TimedDestruction, ZSFX, ZNetView"
"sfx_shieldgenerator_shutdown", 958833645, "TimedDestruction, ZSFX, ZNetView"
"sfx_shieldgenerator_startup", 1389494822, "TimedDestruction, ZSFX, ZNetView"
"sfx_ship_destroyed", -1123631012, "TimedDestruction, ZSFX, ZNetView"
"sfx_ship_impact", 108601737, "TimedDestruction, ZSFX, ZNetView"
"sfx_silvermace_hit", 101705497, "TimedDestruction, ZSFX, ZNetView"
"sfx_skeleton_alerted", -779148385, "TimedDestruction, ZSFX, ZNetView"
"sfx_skeleton_attack", 1471010406, "TimedDestruction, ZSFX, ZNetView"
"sfx_skeleton_big_alerted", -946127216, "TimedDestruction, ZSFX, ZNetView"
"sfx_skeleton_big_death", -2047632425, "TimedDestruction, ZSFX, ZNetView"
"sfx_skeleton_death", -632309576, "TimedDestruction, ZSFX, ZNetView"
"sfx_skeleton_hit", 1166104533, "TimedDestruction, ZSFX, ZNetView"
"sfx_skeleton_idle", -199334624, "TimedDestruction, ZSFX, ZNetView"
"sfx_skeleton_mace_hit", -134414446, "TimedDestruction, ZSFX, ZNetView"
"sfx_skeleton_rise", 782154305, "TimedDestruction, ZSFX, ZNetView"
"sfx_skull_summon_skeleton", 1137816861, "TimedDestruction, ZSFX, ZNetView"
"sfx_sledge_hit", 1234819210, "TimedDestruction, ZSFX, ZNetView, CamShaker"
"sfx_sledge_iron_hit", 1218133189, "TimedDestruction, ZSFX, ZNetView, CamShaker"
"sfx_sledge_swing", 1025052565, "TimedDestruction, ZSFX, ZNetView"
"sfx_smelter_add", -1187773206, "TimedDestruction, ZSFX, ZNetView"
"sfx_smelter_produce", 455267851, "TimedDestruction, ZSFX, ZNetView"
"sfx_spawn", 1622864505, "TimedDestruction, ZSFX, ZNetView, CamShaker"
"sfx_spear_flint_hit", -98825973, "TimedDestruction, ZSFX, ZNetView"
"sfx_spear_hit", -639458691, "TimedDestruction, ZSFX, ZNetView"
"sfx_spear_poke", 1418593097, "TimedDestruction, ZSFX, ZNetView"
"sfx_spear_throw", -433840220, "TimedDestruction, ZSFX, ZNetView"
"sfx_staff_elder_burst", -96024078, "TimedDestruction, ZSFX, ZNetView"
"sfx_staff_elder_cast", -232447725, "TimedDestruction, ZSFX, ZNetView"
"sfx_staff_elder_grow", 2026152395, "TimedDestruction, ZSFX, ZNetView"
"sfx_staff_elder_root_hit", 379798210, "TimedDestruction, ZSFX, ZNetView"
"sfx_staff_elder_root_swing", 568028567, "TimedDestruction, ZSFX, ZNetView"
"sfx_staff_grenade_cast", -182018149, "TimedDestruction, ZSFX, ZNetView"
"sfx_staff_lightning_charge", -402594562, "TimedDestruction, ZSFX, ZNetView"
"sfx_staff_lightning_fire", 1889958574, "TimedDestruction, ZSFX, ZNetView"
"sfx_staff_trollstav_troll_impact", 1695396105, "TimedDestruction, ZSFX, ZNetView"
"sfx_StaffLightning_charge", -1201975171, "TimedDestruction, ZSFX, ZNetView"
"sfx_StaffLightning_fire", 873235551, "TimedDestruction, ZSFX, ZNetView"
"sfx_stonegolem_alerted", -1300399715, "TimedDestruction, ZSFX, ZNetView"
"sfx_stonegolem_attack_hit", -56190528, "TimedDestruction, ZSFX, CamShaker, ZNetView"
"sfx_stonegolem_attack_wosh", -573443490, "TimedDestruction, ZSFX, CamShaker, ZNetView"
"sfx_stonegolem_death", -625942156, "TimedDestruction, ZSFX, ZNetView"
"sfx_stonegolem_hurt", 1697953989, "TimedDestruction, ZSFX, ZNetView"
"sfx_stonegolem_idle", 299883260, "TimedDestruction, ZSFX, ZNetView"
"sfx_stonegolem_primary_start", -122588711, "TimedDestruction, ZSFX, ZNetView"
"sfx_stonegolem_second_start", 1405284141, "TimedDestruction, ZSFX, ZNetView"
"sfx_stonegolem_spikeattack_trailon", 1969679954, "TimedDestruction, ZSFX, ZNetView"
"sfx_stonegolem_wakeup", 252173315, "TimedDestruction, ZSFX, ZNetView, CamShaker"
"sfx_sword_hit", -908234027, "TimedDestruction, ZSFX, ZNetView"
"sfx_sword_swing", 805484646, "TimedDestruction, ZSFX, ZNetView"
"sfx_tentaroot_attack", 1547379821, "TimedDestruction, ZSFX, ZNetView"
"sfx_tick_alerted", -235098033, "TimedDestruction, ZSFX, ZNetView"
"sfx_tick_attack_drain", -224115537, "TimedDestruction, ZSFX, ZNetView"
"sfx_tick_attack_jump", 1623629049, "TimedDestruction, ZSFX, ZNetView"
"sfx_tick_hurt", -1349701893, "TimedDestruction, ZSFX, ZNetView"
"sfx_tick_idle", 1735411342, "TimedDestruction, ZSFX, ZNetView"
"sfx_torch_swing", -761428885, "TimedDestruction, ZSFX, ZNetView"
"sfx_trainingdummy_alert", 258365195, "TimedDestruction, ZSFX, ZNetView"
"sfx_trainingdummy_heavy_attack", 508037113, "TimedDestruction, ZSFX, ZNetView"
"sfx_trainingdummy_heavy_attack impact", -1419288621, "TimedDestruction, ZSFX, ZNetView"
"sfx_trainingdummy_idle", 1630222681, "TimedDestruction, ZSFX, ZNetView"
"sfx_trainingdummy_light_attack", -726356856, "TimedDestruction, ZSFX, ZNetView"
"sfx_trainingdummy_light_attack impact", 1514650110, "TimedDestruction, ZSFX, ZNetView"
"sfx_trainingdummy_stagger", -745169724, "TimedDestruction, ZSFX, ZNetView"
"sfx_trainingdummy_throw", 775980967, "TimedDestruction, ZSFX, ZNetView"
"sfx_trainingdummy_throw_impact", 967167494, "TimedDestruction, ZSFX, ZNetView"
"sfx_treasurechest_destroyed", 1141039220, "TimedDestruction, ZSFX, ZNetView"
"sfx_tree_fall", -1874475854, "TimedDestruction, ZSFX, ZNetView"
"sfx_tree_fall_abomination", -1256552928, "TimedDestruction, ZSFX, ZNetView"
"sfx_tree_fall_hit", 990991588, "TimedDestruction, ZSFX, ZNetView, CamShaker"
"sfx_tree_hit", 724468252, "TimedDestruction, ZSFX, ZNetView"
"sfx_tree_hit_abomination", 1701579258, "TimedDestruction, ZSFX, ZNetView"
"sfx_troll_alerted", 1062930251, "TimedDestruction, ZSFX, ZNetView"
"sfx_troll_attack_hit", 236295284, "TimedDestruction, ZSFX, ZNetView, CamShaker"
"sfx_troll_attacking", -524195358, "TimedDestruction, ZSFX, ZNetView"
"sfx_troll_death", 1550152080, "TimedDestruction, ZSFX, ZNetView"
"sfx_troll_hit", -919278487, "TimedDestruction, ZSFX, ZNetView"
"sfx_troll_idle", 2138806728, "TimedDestruction, ZSFX, ZNetView"
"sfx_troll_rock_destroyed", 108229521, "TimedDestruction, ZSFX, ZNetView"
"sfx_trollfire_attack_club_impact", -1791090394, "TimedDestruction, ZSFX, ZNetView"
"sfx_trollfire_attack_club_swing_down", 1724880377, "TimedDestruction, ZSFX, ZNetView"
"sfx_trollfire_attack_club_swing_up", 1021365442, "TimedDestruction, ZSFX, ZNetView"
"sfx_trollfire_attack_slam_impact", -45946319, "TimedDestruction, ZSFX, ZNetView"
"sfx_trollfire_attack_slam_start", 410791719, "TimedDestruction, ZSFX, ZNetView"
"sfx_trollfire_attack_slap_impact", -47172892, "TimedDestruction, ZSFX, ZNetView"
"sfx_trollfire_attack_slap_start", 409573106, "TimedDestruction, ZSFX, ZNetView"
"sfx_trollfire_attack_slap_swing", -1512740916, "TimedDestruction, ZSFX, ZNetView"
"sfx_trollfire_attack_throw", 1005011993, "TimedDestruction, ZSFX, ZNetView"
"sfx_trollfire_death", -307062160, "TimedDestruction, ZSFX, ZNetView"
"sfx_trollfire_idle", 1656978360, "TimedDestruction, ZSFX, ZNetView"
"sfx_trollfire_roar", -1085460374, "TimedDestruction, ZSFX, ZNetView"
"sfx_ulv_death", -971560874, "TimedDestruction, ZSFX, ZNetView"
"sfx_unarmed_blocked", -161316095, "TimedDestruction, ZSFX, ZNetView"
"sfx_unarmed_hit", 1606312494, "TimedDestruction, ZSFX, ZNetView"
"sfx_unarmed_swing", 715807293, "TimedDestruction, ZSFX, ZNetView"
"sfx_unbjorn_bite_attack", 2131019482, "TimedDestruction, ZSFX, ZNetView"
"sfx_unbjorn_bite_attack_impact", 1346774845, "TimedDestruction, ZSFX, ZNetView"
"sfx_unbjorn_claw_attack", -376049005, "TimedDestruction, ZSFX, ZNetView"
"sfx_unbjorn_claw_attack_slash", 64382553, "TimedDestruction, ZSFX, ZNetView"
"sfx_unbjorn_death", 1132045225, "TimedDestruction, ZSFX, ZNetView"
"sfx_unbjorn_footstep", -1884036519, "TimedDestruction, ZSFX, ZNetView"
"sfx_unbjorn_hurt", -1046067482, "TimedDestruction, ZSFX, ZNetView"
"sfx_unbjorn_idle", -945052607, "TimedDestruction, ZSFX, ZNetView"
"sfx_UndeadBurn_Start", 406146685, "TimedDestruction, ZSFX, ZNetView"
"sfx_unstablerock_explosion", 480027419, "TimedDestruction, ZSFX, ZNetView"
"sfx_weapons_nature_root", -2067743252, "ZNetView, ZSFX"
"sfx_WishbonePing_closer", -1045975014, "TimedDestruction, ZSFX, ZNetView"
"sfx_WishbonePing_far", -1698132249, "TimedDestruction, ZSFX, ZNetView"
"sfx_WishbonePing_further", -937629098, "TimedDestruction, ZSFX, ZNetView"
"sfx_WishbonePing_med", 1534792178, "TimedDestruction, ZSFX, ZNetView"
"sfx_WishbonePing_near", 393316638, "TimedDestruction, ZSFX, ZNetView"
"sfx_wolf_alerted", -960574442, "TimedDestruction, ZSFX, ZNetView"
"sfx_wolf_attack", 523244451, "TimedDestruction, ZSFX, ZNetView"
"sfx_wolf_attack_hit", 163230065, "TimedDestruction, ZSFX, ZNetView"
"sfx_wolf_birth", -1174064648, "TimedDestruction, ZSFX, ZNetView"
"sfx_wolf_death", -1803198157, "TimedDestruction, ZSFX, ZNetView"
"sfx_wolf_hit", -1555397680, "TimedDestruction, ZSFX, ZNetView"
"sfx_wolf_love", 912084459, "TimedDestruction, ZSFX, ZNetView"
"sfx_wood_blocked", -602397748, "TimedDestruction, ZSFX, ZNetView"
"sfx_wood_blocked_overlay", -576574677, "TimedDestruction, ZSFX, ZNetView"
"sfx_wood_break", 102817, "TimedDestruction, ZSFX, ZNetView"
"sfx_wood_destroyed", -1560241923, "TimedDestruction, ZSFX, ZNetView"
"sfx_wood_hit", -1717541353, "TimedDestruction, ZSFX, ZNetView"
"sfx_woosh_scythe", 1313462557, "TimedDestruction, ZSFX, ZNetView"
"sfx_wraith_alerted", -1928641073, "TimedDestruction, ZSFX, ZNetView"
"sfx_wraith_attack", 711249930, "TimedDestruction, ZSFX, ZNetView"
"sfx_wraith_attack_hit", 965283228, "TimedDestruction, ZSFX, ZNetView"
"sfx_wraith_death", -1778014004, "TimedDestruction, ZSFX, ZNetView"
"sfx_wraith_hit", 901120601, "TimedDestruction, ZSFX, ZNetView"
"sfx_wraith_idle", 944718372, "TimedDestruction, ZSFX, ZNetView"
"sfx_vulture_alert", 2026053306, "TimedDestruction, ZSFX, ZNetView"
"sfx_vulture_attack_claw", 713239282, "TimedDestruction, ZSFX, ZNetView"
"sfx_vulture_death", -1213789138, "TimedDestruction, ZSFX, ZNetView"
"sfx_vulture_eat_bite", 1078378861, "TimedDestruction, ZSFX, ZNetView"
"sfx_vulture_eat_break", -453750806, "TimedDestruction, ZSFX, ZNetView"
"sfx_vulture_eat_swallow", -814619490, "TimedDestruction, ZSFX, ZNetView"
"sfx_vulture_footstep", -939764378, "TimedDestruction, ZSFX, ZNetView"
"sfx_vulture_idle", -5725898, "TimedDestruction, ZSFX, ZNetView"
"sfx_vulture_wing_flap", 1349000507, "TimedDestruction, ZSFX, ZNetView"
"shaman_attack_aoe", 1961161115, "ZNetView, ZSyncTransform, Aoe"
"shaman_heal_aoe", 1063409303, "ZNetView, ZSyncTransform, Aoe"
"SharpeningStone ($item_sharpeningstone) (Sharpening Stone)", -750899644, "ZNetView, ZSyncTransform, ItemDrop"
"ShieldBanded ($item_shield_banded) (Banded Shield)", 616678875, "ZNetView, ZSyncTransform, ItemDrop, Floating"
"ShieldBlackmetal ($item_shield_blackmetal) (Black Metal Shield)", -417136115, "ZNetView, ZSyncTransform, ItemDrop, Floating"
"ShieldBlackmetalTower ($item_shield_blackmetal_tower) (Black Metal Tower Shield)", -1283608710, "ZNetView, ZSyncTransform, ItemDrop, Floating"
"ShieldBoneTower ($item_shield_bonetower) (Bone Tower Shield)", 387580618, "ZNetView, ZSyncTransform, ItemDrop, Floating"
"ShieldBronzeBuckler ($item_shield_bronzebuckler) (Bronze Buckler)", 831128417, "ZNetView, ZSyncTransform, ItemDrop"
"ShieldCarapace ($item_shield_carapace) (Carapace Shield)", -2124075815, "ZNetView, ZSyncTransform, ItemDrop, Floating"
"ShieldCarapaceBuckler ($item_shield_carapacebuckler) (Carapace Buckler)", -1416094899, "ZNetView, ZSyncTransform, ItemDrop, Floating"
"ShieldCore ($item_shieldcore) (Shield Core)", -668094240, "ZNetView, ZSyncTransform, ItemDrop"
"ShieldFlametal ($item_shield_flametal) (Flametal Shield)", 1776699129, "ZNetView, ZSyncTransform, ItemDrop, Floating"
"ShieldFlametalTower ($item_shield_flametal_tower) (Flametal Tower Shield)", 1298894236, "ZNetView, ZSyncTransform, ItemDrop, Floating"
"shieldgenerator_attack", -1230668409, "ZNetView, TimedDestruction, CamShaker"
"ShieldIronBuckler ($item_shield_ironbuckler) (Iron Buckler)", -1704092447, "ZNetView, ZSyncTransform, ItemDrop"
"ShieldIronSquare ($item_shield_iron_square) (Iron Shield)", -66427558, "ZNetView, ZSyncTransform, ItemDrop, Floating"
"ShieldIronTower ($item_shield_iron_tower) (Iron Tower Shield)", 1602392070, "ZNetView, ZSyncTransform, ItemDrop, Floating"
"ShieldKnight ($item_shield_knight) (Knight shield UNUSED)", -1748101970, "ZNetView, ZSyncTransform, ItemDrop, Floating"
"ShieldSerpentscale ($item_shield_serpentscale) (Serpent Scale Shield)", -344082900, "ZNetView, ZSyncTransform, ItemDrop, Floating"
"ShieldSilver ($item_shield_silver) (Silver Shield)", -1248409586, "ZNetView, ZSyncTransform, ItemDrop, Floating"
"ShieldWood ($item_shield_wood) (Wood Shield)", 897989326, "ZNetView, ZSyncTransform, ItemDrop, Floating"
"ShieldWoodTower ($item_shield_woodtower) (Wood Tower Shield)", 1729114779, "ZNetView, ZSyncTransform, ItemDrop, Floating"
"ship_construction", -1245442852, "Piece, ZNetView, ShipConstructor"
"shipwreck_karve_bottomboards", 121363955, "ZNetView, WearNTear, DropOnDestroyed"
"shipwreck_karve_bow", -2111136205, "ZNetView, WearNTear, DropOnDestroyed"
"shipwreck_karve_chest", -759801912, "ZNetView, Container, WearNTear"
"shipwreck_karve_dragonhead", 1103509118, "ZNetView, WearNTear, DropOnDestroyed"
"shipwreck_karve_stern", -1183306829, "ZNetView, WearNTear, DropOnDestroyed"
"shipwreck_karve_sternpost", -849022257, "ZNetView, WearNTear, DropOnDestroyed"
"ShocklateSmoothie ($item_shocklatesmoothie) (Muckshake)", -1079051988, "ZNetView, ZSyncTransform, ItemDrop, Piece, WearNTear"
"ShootStump ($prop_treestump) (Stump)", -1558885352, "Destructible, ZNetView, StaticPhysics, HoverText, DropOnDestroyed"
"shrub_2", -1779355401, "Destructible, ZNetView, LodFadeInOut, StaticPhysics, DropOnDestroyed"
"shrub_2_heath", -199539902, "Destructible, ZNetView, LodFadeInOut, StaticPhysics, DropOnDestroyed"
"siege_wall_1x1", 1159076519, "Piece, ZNetView, WearNTear"
"siegebomb_explosion", -2060224539, "ZNetView, Aoe"
"siegebomb_projectile", 1191680629, "Projectile, ZNetView, ZSyncTransform"
"sign", 1084866395, "Piece, ZNetView, WearNTear, Sign"
"sign_notext", 1316803472, "Piece, ZNetView, WearNTear"
"Silver ($item_silver) (Silver)", -1906091609, "ZNetView, ZSyncTransform, ItemDrop"
"SilverNecklace ($item_silvernecklace) (Silver Necklace)", -726203417, "ZNetView, ZSyncTransform, ItemDrop"
"SilverOre ($item_silverore) (Silver Ore)", 2105582487, "ZNetView, ZSyncTransform, ItemDrop"
"silvervein ($piece_deposit_silvervein) (Silver Vein)", 1611466255, "ZNetView, Destructible, HoverText, LodFadeInOut"
"silvervein_frac", 65008322, "ZNetView, LodFadeInOut, MineRock5"
"SizzlingBerryBroth ($item_sizzlingberrybroth) (Sizzling Berry Broth)", -1865024493, "ZNetView, ZSyncTransform, ItemDrop, Piece, WearNTear"
"Skeleton", -1035090735, "Humanoid, ZNetView, ZSyncTransform, ZSyncAnimation, MonsterAI, CharacterDrop, VisEquipment, FootStep"
"skeleton_bow (Bow) (Bow)", -955026550, "ZNetView, ZSyncTransform, ItemDrop"
"skeleton_bow2 (Bow) (Bow)", -591647588, "ZNetView, ZSyncTransform, ItemDrop"
"skeleton_firenova_aoe", -199016396, "ZNetView, ZSyncTransform, Aoe"
"Skeleton_Friendly", 885507349, "Humanoid, ZNetView, ZSyncTransform, ZSyncAnimation, MonsterAI, VisEquipment, FootStep, Tameable"
"Skeleton_Hildir", -240502814, "Humanoid, ZNetView, ZSyncTransform, ZSyncAnimation, MonsterAI, CharacterDrop, VisEquipment, FootStep"
"skeleton_hildir_firenova (Fire Skeleton Sword) (Fire Skeleton Sword)", 848761693, "ZNetView, ZSyncTransform, ItemDrop"
"Skeleton_Hildir_nochest", -571272069, "Humanoid, ZNetView, ZSyncTransform, ZSyncAnimation, MonsterAI, CharacterDrop, VisEquipment, FootStep"
"skeleton_mace (Dragur axe) (Dragur axe)", 598002992, "ZNetView, ZSyncTransform, ItemDrop"
"Skeleton_NoArcher", 392606230, "Humanoid, ZNetView, ZSyncTransform, ZSyncAnimation, MonsterAI, CharacterDrop, VisEquipment, FootStep"
"Skeleton_Poison", -1723003302, "Humanoid, ZNetView, ZSyncTransform, ZSyncAnimation, MonsterAI, CharacterDrop, VisEquipment, FootStep"
"skeleton_sword (Dragur axe) (Dragur axe)", 141245155, "ZNetView, ZSyncTransform, ItemDrop"
"skeleton_sword_hildir (Fire Skeleton Sword) (Fire Skeleton Sword)", 2044153060, "ZNetView, ZSyncTransform, ItemDrop"
"skeleton_sword2 (Dragur axe) (Dragur axe)", -752145615, "ZNetView, ZSyncTransform, ItemDrop"
"skull_pile", -523302552, "ZNetView, Piece, WearNTear"
"Skull1", 757858766, "ZNetView"
"Skull2", 354574239, "ZNetView"
"sledge_aoe", -8548736, "ZNetView, Aoe"
"SledgeCheat (Cheat sledge) (Cheat sledge)", 175903691, "ZNetView, ZSyncTransform, ItemDrop"
"SledgeDemolisher ($item_sledge_demolisher) (Demolisher)", 427268604, "ZNetView, ZSyncTransform, ItemDrop"
"SledgeIron ($item_sledge_iron) (Iron Sledge)", -228048586, "ZNetView, ZSyncTransform, ItemDrop"
"SledgeStagbreaker ($item_stagbreaker) (Stagbreaker)", -698896327, "ZNetView, ZSyncTransform, ItemDrop, Floating"
"SledgeWood ($item_sledge_wood) (Wooden Sledge)", 262436763, "ZNetView, ZSyncTransform, ItemDrop"
"smelter", 900941850, "Piece, ZNetView, Smelter, WearNTear"
"smokebomb_explosion", -516448493, "ZNetView, SmokeSpawner, TimedDestruction"
"smokebomb_projectile", -1252858681, "Projectile, ZNetView, ZSyncTransform"
"Softtissue ($item_softtissue) (Soft Tissue)", -20868409, "ZNetView, ZSyncTransform, ItemDrop"
"Sparkler ($item_sparkler) (Sparkler)", -2049163370, "ZNetView, ZSyncTransform, ItemDrop"
"SparklingShroomshake ($item_sparklingshroomshake) (Sparkling Shroomshake)", -1966477433, "ZNetView, ZSyncTransform, ItemDrop, Piece, WearNTear"
"Spawner_Bat", -1836156358, "ZNetView, CreatureSpawner"
"Spawner_Blob", 959730964, "ZNetView, CreatureSpawner"
"Spawner_BlobElite", -241244907, "ZNetView, CreatureSpawner"
"Spawner_BlobTar", -2140639629, "ZNetView, CreatureSpawner"
"Spawner_BlobTar_respawn_30", 1490211126, "ZNetView, CreatureSpawner"
"Spawner_Boar", 1571435137, "ZNetView, CreatureSpawner"
"Spawner_BogWitchKvastur_respawn_30", -1340409685, "ZNetView, CreatureSpawner"
"Spawner_Charred", 411552450, "ZNetView, CreatureSpawner"
"Spawner_Charred_Archer", -797372920, "ZNetView, CreatureSpawner"
"Spawner_Charred_balista", -841865417, "ZNetView, CreatureSpawner"
"Spawner_Charred_Dyrnwyn", -884549218, "ZNetView, CreatureSpawner"
"Spawner_Charred_Mage", 1488785665, "ZNetView, CreatureSpawner"
"Spawner_CharredCross ($enemy_charredspawnercross) (Effigy of Malice)", -751489162, "ZNetView, Destructible, SpawnArea, HoverText"
"Spawner_CharredStone ($enemy_charredtwitcherspawner) (Monument of Torment)", -2008070405, "ZNetView, Destructible, SpawnArea, HoverText, DropOnDestroyed"
"Spawner_CharredStone_Elite ($enemy_charredtwitcherspawner) (Monument of Torment)", -1351421259, "ZNetView, Destructible, SpawnArea, HoverText, DropOnDestroyed"
"Spawner_CharredStone_event ($enemy_charredtwitcherspawner) (Monument of Torment)", -1677131084, "ZNetView, Destructible, SpawnArea, HoverText, DropOnDestroyed"
"Spawner_Chicken", -1765986286, "ZNetView, CreatureSpawner"
"Spawner_Cultist", -1600033845, "ZNetView, CreatureSpawner"
"Spawner_Cultist_Hildir", -2073938394, "ZNetView, CreatureSpawner, RandomSpawn"
"Spawner_Cultist_Hildir_bossroom", 1058170771, "ZNetView, CreatureSpawner, RandomSpawn"
"Spawner_Draugr", 1620622954, "ZNetView, CreatureSpawner"
"Spawner_Draugr_Elite", -2140484606, "ZNetView, CreatureSpawner"
"Spawner_Draugr_Noise", -1294801227, "ZNetView, CreatureSpawner"
"Spawner_Draugr_Ranged", 521057400, "ZNetView, CreatureSpawner"
"Spawner_Draugr_Ranged_Noise", -955292439, "ZNetView, CreatureSpawner"
"Spawner_Draugr_respawn_30", 1006477195, "ZNetView, CreatureSpawner"
"Spawner_DraugrPile ($enemy_draugrspawner) (Body Pile)", -399756230, "ZNetView, Destructible, SpawnArea, HoverText, DropOnDestroyed"
"Spawner_DvergerArbalest", -1855532330, "ZNetView, CreatureSpawner"
"Spawner_DvergerAshlands", 1778113542, "ZNetView, CreatureSpawner"
"Spawner_DvergerMage", 726868954, "ZNetView, CreatureSpawner"
"Spawner_DvergerRandom", -1799783159, "ZNetView, CreatureSpawner"
"Spawner_FallenValkyrie", -129499636, "ZNetView, CreatureSpawner"
"Spawner_Fenring", 705538066, "ZNetView, CreatureSpawner"
"Spawner_Fish4", -524222393, "ZNetView, CreatureSpawner"
"Spawner_Ghost", -2043251898, "ZNetView, CreatureSpawner"
"Spawner_Goblin", -253282352, "ZNetView, CreatureSpawner"
"Spawner_GoblinArcher", -1332276175, "ZNetView, CreatureSpawner"
"Spawner_GoblinBrute", 1838267156, "ZNetView, CreatureSpawner"
"Spawner_GoblinBrute_Hildir", 1045814903, "ZNetView, CreatureSpawner"
"Spawner_GoblinShaman", -40747638, "ZNetView, CreatureSpawner"
"Spawner_Greydwarf", 544574264, "ZNetView, CreatureSpawner"
"Spawner_Greydwarf_Elite", 1287973336, "ZNetView, CreatureSpawner"
"Spawner_Greydwarf_Shaman", -1711995613, "ZNetView, CreatureSpawner"
"Spawner_GreydwarfNest ($enemy_greydwarfspawner) (Greydwarf Nest)", -2136750990, "ZNetView, Destructible, SpawnArea, HoverText, DropOnDestroyed"
"Spawner_Hatchling", -1720584471, "ZNetView, CreatureSpawner"
"Spawner_Hen", 133212030, "ZNetView, CreatureSpawner"
"Spawner_imp", 489441179, "ZNetView, CreatureSpawner"
"Spawner_imp_respawn", -778538652, "ZNetView, CreatureSpawner"
"Spawner_Kvastur", -619344977, "ZNetView, SpawnArea"
"Spawner_Leech_cave", -1702254152, "ZNetView, CreatureSpawner"
"Spawner_Location_Elite", -1825512432, "ZNetView, CreatureSpawner"
"Spawner_Location_Greydwarf", 1020298526, "ZNetView, CreatureSpawner"
"Spawner_Location_Shaman", 233788309, "ZNetView, CreatureSpawner"
"Spawner_Morgen", -1994296889, "ZNetView, CreatureSpawner"
"Spawner_Morgen_wakeup", 443419565, "ZNetView, CreatureSpawner"
"Spawner_Seeker", 722088364, "ZNetView, CreatureSpawner"
"Spawner_Seeker_respawn_240", -457933930, "ZNetView, CreatureSpawner"
"Spawner_SeekerBrute", 408415796, "ZNetView, CreatureSpawner"
"Spawner_SeekerBrute_respawn_240", -1378251478, "ZNetView, CreatureSpawner"
"Spawner_Skeleton", -346964912, "ZNetView, CreatureSpawner"
"Spawner_Skeleton_hildir", 380046719, "ZNetView, CreatureSpawner, RandomSpawn"
"Spawner_Skeleton_hildir_bossroom", 949525480, "ZNetView, CreatureSpawner, RandomSpawn"
"Spawner_Skeleton_night_noarcher", 2087336966, "ZNetView, CreatureSpawner"
"Spawner_Skeleton_poison", -1948581159, "ZNetView, CreatureSpawner"
"Spawner_Skeleton_respawn_30", 81405021, "ZNetView, CreatureSpawner"
"Spawner_Skeleton_rise", 1684201496, "ZNetView, CreatureSpawner"
"Spawner_StoneGolem", 710649036, "ZNetView, CreatureSpawner"
"Spawner_Tick", 1463772894, "ZNetView, CreatureSpawner"
"Spawner_Tick_stared", 1317363426, "ZNetView, CreatureSpawner"
"Spawner_Tick_stared_respawn_240", -1370191596, "ZNetView, CreatureSpawner"
"Spawner_Troll", -275632390, "ZNetView, CreatureSpawner"
"Spawner_Twitcher", -989373867, "ZNetView, CreatureSpawner"
"Spawner_Ulv", -1076640884, "ZNetView, CreatureSpawner"
"Spawner_Volture", 873086358, "ZNetView, CreatureSpawner"
"Spawner_Wraith", -268438304, "ZNetView, CreatureSpawner"
"SpearBronze ($item_spear_bronze) (Bronze Spear)", -1821145625, "ZNetView, ZSyncTransform, ItemDrop, Floating"
"SpearCarapace ($item_spear_carapace) (Carapace Spear)", -1808454157, "ZNetView, ZSyncTransform, ItemDrop, Floating"
"SpearChitin ($item_spear_chitin) (Abyssal Harpoon)", 678850310, "ZNetView, ZSyncTransform, ItemDrop, Floating"
"SpearElderbark ($item_spear_ancientbark) (Ancient Bark Spear)", -1438354023, "ZNetView, ZSyncTransform, ItemDrop, Floating"
"SpearFlint ($item_spear_flint) (Flint Spear)", -1352659250, "ZNetView, ZSyncTransform, ItemDrop, Floating"
"SpearSplitner ($item_spear_splitner) (Splitnir)", -355294970, "ZNetView, ZSyncTransform, ItemDrop, Floating"
"SpearSplitner_Blood ($item_spear_splitner_blood) (Splitnir the Bleeding)", 1513348491, "ZNetView, ZSyncTransform, ItemDrop, Floating"
"SpearSplitner_Lightning ($item_spear_splitner_lightning) (Splitnir the Storming)", 1147489737, "ZNetView, ZSyncTransform, ItemDrop, Floating"
"SpearSplitner_Nature ($item_spear_splitner_nature) (Splitnir the Primal)", 1401156240, "ZNetView, ZSyncTransform, ItemDrop, Floating"
"SpearWolfFang ($item_spear_wolffang) (Fang Spear)", 228563121, "ZNetView, ZSyncTransform, ItemDrop, Floating"
"SpearWood ($item_spear_wood) (Wooden Spear)", -1681632858, "ZNetView, ZSyncTransform, ItemDrop, Floating"
"SpiceAshlands ($item_spiceashlands) (Fiery Spice Powder)", -1505667814, "ZNetView, ZSyncTransform, ItemDrop"
"SpiceForests ($item_spiceforests) (Woodland Herb Blend)", -422963506, "ZNetView, ZSyncTransform, ItemDrop"
"SpiceMistlands ($item_spicemistlands) (Herbs of the Hidden Hills)", -1975117249, "ZNetView, ZSyncTransform, ItemDrop"
"SpiceMountains ($item_spicemountains) (Mountain Peak Pepper Powder)", -1480187500, "ZNetView, ZSyncTransform, ItemDrop"
"SpiceOceans ($item_spiceoceans) (Seafarer's Herbs)", 74864965, "ZNetView, ZSyncTransform, ItemDrop"
"SpicePlains ($item_spiceplains) (Grasslands Herbalist Harvest)", 1241914297, "ZNetView, ZSyncTransform, ItemDrop"
"SpicyMarmalade ($item_spicymarmalade) (Spicy Marmalade)", -1163188226, "ZNetView, ZSyncTransform, ItemDrop, Piece, WearNTear"
"staff_clusterbombstaff_projectile", 1906035469, "Projectile, ZNetView, ZSyncTransform"
"staff_clusterbombstaff_splinter_projectile", 447262021, "Projectile, ZNetView, ZSyncTransform"
"staff_fireball_projectile", 2115010970, "Projectile, ZNetView, ZSyncTransform, CinderSpawner"
"staff_greenroots_projectile", 2008937773, "Projectile, ZNetView, ZSyncTransform"
"staff_greenroots_tentaroot", -1131644886, "Humanoid, ZNetView, ZSyncTransform, ZSyncAnimation, MonsterAI, CharacterTimedDestruction"
"staff_greenroots_tentaroot_attack (Dragur axe) (Dragur axe)", -1087359017, "ZNetView, ZSyncTransform, ItemDrop"
"staff_iceshard_projectile", 1548540202, "Projectile, ZNetView, ZSyncTransform"
"staff_lightning_projectile", -2096937113, "Projectile, ZNetView, ZSyncTransform"
"staff_redtroll_aoe", -599137345, "ZNetView, ZSyncTransform, Aoe"
"staff_shield_aoe", -1506685424, "ZNetView, ZSyncTransform, Aoe"
"staff_skeleton_projectile", -1006706824, "Projectile, ZNetView, ZSyncTransform"
"StaffClusterbomb ($item_staffclusterbomb) (Staff of Fracturing)", -744488650, "ZNetView, ZSyncTransform, ItemDrop"
"StaffFireball ($item_stafffireball) (Staff of Embers)", -1657298159, "ZNetView, ZSyncTransform, ItemDrop"
"StaffGreenRoots ($item_staffgreenroots) (Staff of the Wild)", 315959816, "ZNetView, ZSyncTransform, ItemDrop"
"StaffIceShards ($item_stafficeshards) (Staff of Frost)", 965145214, "ZNetView, ZSyncTransform, ItemDrop"
"StaffLightning ($item_staff_lightning) (Dundr)", -1385015058, "ZNetView, ZSyncTransform, ItemDrop, Floating"
"StaffRedTroll ($item_staffredtroll) (Trollstav)", 1740170878, "ZNetView, ZSyncTransform, ItemDrop"
"StaffShield ($item_staffshield) (Staff of Protection)", -1345985635, "ZNetView, ZSyncTransform, ItemDrop"
"StaffSkeleton ($item_staffskeleton) (Dead Raiser)", -1318346397, "ZNetView, ZSyncTransform, ItemDrop"
"stake_wall", 13326225, "Piece, ZNetView, WearNTear"
"StaminaUpgrade_Greydwarf (Stamina Greydwarf) (Stamina Greydwarf)", -1439240287, "ZNetView, ZSyncTransform, ItemDrop, Floating"
"StaminaUpgrade_Troll (Stamina Troll) (Stamina Troll)", -2070050825, "ZNetView, ZSyncTransform, ItemDrop, Floating"
"StaminaUpgrade_Wraith (Stamina Wraith) (Stamina Wraith)", -1764358509, "ZNetView, ZSyncTransform, ItemDrop, Floating"
"StatueCorgi", -1452599006, "ZNetView"
"StatueDeer", 222646934, "ZNetView"
"StatueEvil", 726946320, "ZNetView"
"StatueHare", 1936541740, "ZNetView"
"StatueSeed", 128538777, "ZNetView"
"Stone ($item_stone) (Stone)", -535531945, "ZNetView, ZSyncTransform, ItemDrop"
"stone_arch", -542996224, "Piece, ZNetView, WearNTear"
"stone_floor", 1135745654, "ZNetView, Piece, WearNTear"
"stone_floor_2x2", 2048610715, "ZNetView, Piece, WearNTear"
"stone_pile", -1094350308, "ZNetView, Piece, WearNTear"
"stone_pillar", -1747173676, "Piece, ZNetView, WearNTear"
"stone_stair", 389771597, "Piece, ZNetView, WearNTear"
"stone_wall_1x1", -1764426495, "Piece, ZNetView, WearNTear"
"stone_wall_2x1", -1623263994, "Piece, ZNetView, WearNTear"
"stone_wall_4x2", -2066954473, "Piece, ZNetView, WearNTear"
"stoneblock_fracture", -714671739, "MineRock, ZNetView"
"stonechest", -1478464920, "ZNetView, Container"
"StoneGolem", 1814827443, "Humanoid, ZNetView, ZSyncTransform, ZSyncAnimation, MonsterAI, CharacterDrop, VisEquipment, FootStep"
"stonegolem_attack1_spike (Spike attack) (Spike attack)", -1408658120, "ZSyncTransform, ZNetView, ItemDrop"
"StoneGolem_clubs () ()", -1360440141, "ZNetView, ZSyncTransform, ItemDrop"
"StoneGolem_hat () ()", -877622719, "ZNetView, ZSyncTransform, ItemDrop"
"Stonegolem_ragdoll", -1554331797, "ZNetView, Ragdoll"
"StoneGolem_spikes () ()", -856244001, "ZNetView, ZSyncTransform, ItemDrop"
"StoneRock ($item_stonerock) (Rock)", 926881886, "ZNetView, ZSyncTransform, ItemDrop"
"stubbe", 595427151, "LodFadeInOut, Destructible, ZNetView, DropOnDestroyed, StaticPhysics"
"stubbe_spawner", 1515889972, "LodFadeInOut, Destructible, ZNetView, DropOnDestroyed"
"SulfurStone ($item_sulfurstone) (Sulfur)", 1301986444, "ZNetView, ZSyncTransform, ItemDrop"
"sunken_crypt_gate", -339866909, "ZNetView, Door"
"SunkenKit_int_towerwall_LOD", -376428566, "ZNetView"
"Surtling", 1370511288, "Humanoid, ZNetView, ZSyncAnimation, MonsterAI, CharacterDrop, ZSyncTransform"
"SurtlingCore ($item_surtlingcore) (Surtling Core)", -905433289, "ZNetView, ZSyncTransform, ItemDrop"
"SwampTree1 ($prop_ancienttree) (Ancient Tree)", 2111235755, "TreeBase, ZNetView, LodFadeInOut, HoverText"
"SwampTree1_log ($prop_treelog) (Log)", 998340100, "ZNetView, ZSyncTransform, TreeLog, ImpactEffect, Floating, HoverText"
"SwampTree1_Stub ($prop_treestump) (Stump)", -142007914, "Destructible, ZNetView, DropOnDestroyed, HoverText"
"SwampTree2", 1707951228, "LodFadeInOut, ZNetView"
"SwampTree2_darkland", 2052455688, "LodFadeInOut, ZNetView"
"SwampTree2_log", 270257971, "LodFadeInOut, ZNetView"
"SwordBlackmetal ($item_sword_blackmetal) (Black Metal Sword)", 660487747, "ZNetView, ZSyncTransform, ItemDrop"
"SwordBronze ($item_sword_bronze) (Bronze Sword)", 995331031, "ZNetView, ZSyncTransform, ItemDrop"
"SwordCheat (Cheat sword) (Cheat sword)", 1586116462, "ZNetView, ZSyncTransform, ItemDrop"
"SwordDyrnwyn ($item_sword_dyrnwyn) (Dyrnwyn)", -165525154, "ZNetView, ZSyncTransform, ItemDrop"
"SwordIron ($item_sword_iron) (Iron Sword)", -110263489, "ZNetView, ZSyncTransform, ItemDrop"
"SwordIronFire ($item_sword_fire) (Dyrnwyn)", -114512825, "ZNetView, ZSyncTransform, ItemDrop"
"SwordMistwalker ($item_sword_mistwalker) (Mistwalker)", -22010056, "ZNetView, ZSyncTransform, ItemDrop"
"SwordNiedhogg ($item_sword_niedhogg) (Nidhögg)", -2019636756, "ZNetView, ZSyncTransform, ItemDrop"
"SwordNiedhoggBlood ($item_sword_niedhogg_blood) (Nidhögg the Bleeding)", 238701276, "ZNetView, ZSyncTransform, ItemDrop"
"SwordNiedhoggLightning ($item_sword_niedhogg_lightning) (Nidhögg the Thundering)", -3726398, "ZNetView, ZSyncTransform, ItemDrop"
"SwordNiedhoggNature ($item_sword_niedhogg_nature) (Nidhögg the Primal)", 279381957, "ZNetView, ZSyncTransform, ItemDrop"
"SwordSilver ($item_sword_silver) (Silver Sword)", 891097842, "ZNetView, ZSyncTransform, ItemDrop"
"SwordWood ($item_sword_wood) (Wooden Sword)", -1864305586, "ZNetView, ZSyncTransform, ItemDrop"
"Tankard ($item_tankard) (Tankard)", -430432277, "ZNetView, ZSyncTransform, ItemDrop"
"Tankard_dvergr ($item_dvergrtankard) (Dvergr Tankard)", -676449504, "ZNetView, ZSyncTransform, ItemDrop"
"TankardAnniversary ($item_tankard_anniversary) (Horn of Celebration)", 1115535871, "ZNetView, ZSyncTransform, ItemDrop"
"TankardOdin ($item_tankard_odin) (Mead Horn of Odin)", -467580905, "ZNetView, ZSyncTransform, ItemDrop"
"Tar ($item_tar) (Tar)", 696030903, "ZNetView, ZSyncTransform, ItemDrop, Floating"
"TarLiquid", 920931787, "LiquidVolume, ZNetView"
"tarlump1", -1406277430, "ZNetView, LodFadeInOut, Destructible"
"tarlump1_frac", 2137671655, "ZNetView, LodFadeInOut, MineRock5"
"TentaRoot", 326210194, "Humanoid, ZNetView, ZSyncTransform, ZSyncAnimation, MonsterAI, CharacterTimedDestruction"
"tentaroot_attack (Dragur axe) (Dragur axe)", 2038061211, "ZNetView, ZSyncTransform, ItemDrop"
"TESTTOWER", 1722927881, "ZNetView, Destructible"
"TheHive", 1340509431, "Humanoid, ZNetView, ZSyncTransform, ZSyncAnimation, MonsterAI, CharacterDrop"
"Thistle ($item_thistle) (Thistle)", -1711101149, "ZNetView, ZSyncTransform, ItemDrop"
"THSwordKrom ($item_sword_krom) (Krom)", 1891654770, "ZNetView, ZSyncTransform, ItemDrop"
"THSwordSlayer ($item_sword_slayer) (Slayer)", 1680378985, "ZNetView, ZSyncTransform, ItemDrop"
"THSwordSlayerBlood ($item_sword_slayer_blood) (Brutal Slayer)", 1909909211, "ZNetView, ZSyncTransform, ItemDrop"
"THSwordSlayerLightning ($item_sword_slayer_lightning) (Scourging Slayer)", -446699339, "ZNetView, ZSyncTransform, ItemDrop"
"THSwordSlayerNature ($item_sword_slayer_nature) (Primal Slayer)", 163402162, "ZNetView, ZSyncTransform, ItemDrop"
"THSwordWood ($item_sword_wood_2h) (Wooden Greatsword)", -1677039342, "ZNetView, ZSyncTransform, ItemDrop"
"Thunderstone ($item_thunderstone) (Thunder Stone)", -1340310877, "ZNetView, ZSyncTransform, ItemDrop"
"Tick", 325352405, "Humanoid, MonsterAI, CharacterDrop, ZNetView, ZSyncTransform, ZSyncAnimation, FootStep"
"Tin ($item_tin) (Tin)", 339800571, "ZNetView, ZSyncTransform, ItemDrop"
"TinOre ($item_tinore) (Tin Ore)", 1742893963, "ZNetView, ZSyncTransform, ItemDrop"
"tolroko_flyer", -1028130263, "ZNetView"
"Torch ($item_torch) (Torch)", 795277336, "ZNetView, ZSyncTransform, ItemDrop"
"TorchMist ($item_torchmist) ([item_torchmist])", -671973751, "ZNetView, ZSyncTransform, ItemDrop"
"trader_wagon_destructable", 316161168, "Destructible, DropOnDestroyed, ZNetView"
"Trailership", 182695579, "Ship, ZNetView, ZSyncTransform, Piece, WearNTear, ImpactEffect"
"TrainingDummy", 892476008, "Humanoid, ZNetView, ZSyncTransform, ZSyncAnimation, MonsterAI, CharacterDrop, VisEquipment, FootStep"
"TrainingDummy_throw_projectile", 551208811, "Projectile, ZNetView, ZSyncTransform"
"treasure_pile", -2052101304, "ZNetView, Piece, WearNTear"
"treasure_stack", -109499528, "ZNetView, Piece, WearNTear"
"TreasureChest_ashland_stone", 1730304736, "ZNetView, Container, Piece, WearNTear"
"TreasureChest_blackforest", 1673474691, "ZNetView, Container, Piece, WearNTear"
"TreasureChest_charredfortress", 610578758, "ZNetView, Container, Piece, WearNTear"
"TreasureChest_dvergr_loose_stone", 1535347102, "ZNetView, Container, Piece, WearNTear"
"TreasureChest_dvergrtower", 1008822310, "ZNetView, Container, Piece, WearNTear"
"TreasureChest_dvergrtown", -819997397, "ZNetView, Container, Piece, WearNTear"
"TreasureChest_fCrypt", 1396451807, "ZNetView, Container, Piece, WearNTear"
"TreasureChest_forestcrypt", -494038940, "ZNetView, Container, Piece, WearNTear"
"TreasureChest_forestcrypt_hildir", -1891157319, "ZNetView, Container, Piece, WearNTear"
"TreasureChest_heath", -1283895483, "ZNetView, Container, Piece, WearNTear"
"TreasureChest_heath_hildir", 209240618, "ZNetView, Container, Piece, WearNTear"
"TreasureChest_meadows", 600954715, "ZNetView, Container, Piece, WearNTear"
"TreasureChest_meadows_buried", 1182558977, "ZNetView, Container, Piece, WearNTear, RandomSpawn, Beacon"
"TreasureChest_meadows_combat", 1811557810, "ZNetView, Container, Piece, WearNTear, Beacon, StaticPhysics"
"TreasureChest_mountaincave", 637000287, "ZNetView, Container, Piece, WearNTear"
"TreasureChest_mountaincave_hildir", 1142509968, "ZNetView, Container, Piece, WearNTear"
"TreasureChest_mountains", -161144371, "ZNetView, Container, Piece, WearNTear"
"TreasureChest_plains_stone", -922407394, "ZNetView, Container, Piece, WearNTear"
"TreasureChest_plainsfortress_hildir", 1317746129, "ZNetView, Container, Piece, WearNTear"
"TreasureChest_sunkencrypt", -190638207, "ZNetView, Container, Piece, WearNTear"
"TreasureChest_swamp", 887247677, "ZNetView, Container, Piece, WearNTear"
"TreasureChest_trollcave", 901211521, "ZNetView, Container, Piece, WearNTear"
"TriggerSpawner_Brood", -116387065, "ZNetView, TriggerSpawner"
"TriggerSpawner_Seeker", 343158804, "ZNetView, TriggerSpawner"
"TrinketBlackDamageHealth ($item_trinketblackdamagedealth) (Bracelets of the Brave)", 491242827, "ZNetView, ZSyncTransform, ItemDrop"
"TrinketBlackStamina ($item_trinketblackdtamina) (Evasion Mantle)", 2145085185, "ZNetView, ZSyncTransform, ItemDrop"
"TrinketBronzeHealth ($item_trinketbronzehealth) (Heart of the Forest)", 1246814413, "ZNetView, ZSyncTransform, ItemDrop"
"TrinketBronzeStamina ($item_trinketbronzestamina) (Bronze Pendant)", -480469634, "ZNetView, ZSyncTransform, ItemDrop"
"TrinketCarapaceEitr ($item_trinketcarapaceeitr) (Pulsating Earrings)", 807590947, "ZNetView, ZSyncTransform, ItemDrop"
"TrinketChitinSwim ($item_trinketchitinswim) (Fins of Destiny)", 1804683720, "ZNetView, ZSyncTransform, ItemDrop"
"TrinketFlametalEitr ($item_trinketflametaleitr) (Jörmundling)", 1598382955, "ZNetView, ZSyncTransform, ItemDrop"
"TrinketFlametalStaminaHealth ($item_trinketflametalstaminahealth) (Brimstone)", -2116739576, "ZNetView, ZSyncTransform, ItemDrop"
"TrinketIronHealth ($item_trinketironhealth) (Iron Brooch)", -1572614915, "ZNetView, ZSyncTransform, ItemDrop"
"TrinketIronStamina ($item_trinketironstamina) (Nimble Anklet)", 1336211340, "ZNetView, ZSyncTransform, ItemDrop"
"TrinketScaleStaminaDamage ($item_trinketscalestaminadamage) (Resounding Shackle)", 1007656209, "ZNetView, ZSyncTransform, ItemDrop"
"TrinketSilverDamage ($item_trinketsilverdamage) (Wolf Sight)", -1155561769, "ZNetView, ZSyncTransform, ItemDrop"
"TrinketSilverResist ($item_trinketsilverresist) (Crystal Heart)", 678589910, "ZNetView, ZSyncTransform, ItemDrop"
"Troll", 425751481, "Humanoid, ZNetView, ZSyncTransform, ZSyncAnimation, MonsterAI, CharacterDrop, VisEquipment, FootStep"
"troll_groundslam_aoe", 1705853408, "ZNetView, Aoe"
"troll_log_swing_h (LOG) (LOG)", 724671782, "ZNetView, ZSyncTransform, ItemDrop"
"troll_log_swing_v (LOG) (LOG)", 724671788, "ZNetView, ZSyncTransform, ItemDrop"
"Troll_ragdoll", -1300355707, "ZNetView, Ragdoll"
"Troll_Summoned", -500810924, "Humanoid, ZNetView, ZSyncTransform, ZSyncAnimation, MonsterAI, CharacterDrop, VisEquipment, FootStep, CinderSpawner"
"troll_summoned_groundslam_aoe", 78708729, "ZNetView, Aoe"
"troll_summoned_log_swing_h (LOG) (LOG)", 1471238775, "ZNetView, ZSyncTransform, ItemDrop"
"troll_summoned_log_swing_v (LOG) (LOG)", 1921577469, "ZNetView, ZSyncTransform, ItemDrop"
"Troll_summoned_ragdoll", -2008320912, "ZNetView, Ragdoll"
"troll_summoned_throw_projectile", -1114768881, "Projectile, ZNetView, ZSyncTransform"
"troll_throw_projectile", -1742068936, "Projectile, ZNetView, ZSyncTransform"
"TrollHide ($item_trollhide) (Troll Hide)", -1798613647, "ZNetView, ZSyncTransform, ItemDrop"
"TrophyAbomination ($item_trophy_abomination) (Abomination Trophy)", 950444395, "ZNetView, ZSyncTransform, ItemDrop, Floating"
"TrophyAsksvin ($item_trophy_asksvin) (Asksvin Trophy)", 1084996439, "ZNetView, ZSyncTransform, ItemDrop"
"TrophyBjorn ($item_trophy_bjorn) (Bear Trophy)", -468579885, "ZNetView, ZSyncTransform, ItemDrop"
"TrophyBjornUndead ($item_trophy_bjorn_undead) (Vile Trophy)", -1830072632, "ZNetView, ZSyncTransform, ItemDrop"
"TrophyBlob ($item_trophy_blob) (Blob Trophy)", 744168779, "ZNetView, ZSyncTransform, ItemDrop"
"TrophyBoar ($item_trophy_boar) (Boar Trophy)", 434992580, "ZNetView, ZSyncTransform, ItemDrop"
"TrophyBonemass ($item_trophy_bonemass) (Bonemass Trophy)", -823608926, "ZNetView, ZSyncTransform, ItemDrop, Floating"
"TrophyBonemawSerpent ($item_trophy_bonemaw) (Bonemaw Trophy)", -1218711148, "ZNetView, ZSyncTransform, ItemDrop"
"TrophyCharredArcher ($item_trophy_charredarcher) (Marksman Trophy)", -137947288, "ZNetView, ZSyncTransform, ItemDrop"
"TrophyCharredMage ($item_trophy_charredmage) (Warlock Trophy)", -1246052899, "ZNetView, ZSyncTransform, ItemDrop"
"TrophyCharredMelee ($item_trophy_charredmelee) (Warrior Trophy)", -2018017253, "ZNetView, ZSyncTransform, ItemDrop"
"TrophyCultist ($item_trophy_cultist) (Cultist Trophy)", -275461056, "ZNetView, ZSyncTransform, ItemDrop"
"TrophyCultist_Hildir ($item_trophy_cultist_hildir) (Geirrhafa Trophy)", -1434059771, "ZNetView, ZSyncTransform, ItemDrop"
"TrophyDeathsquito ($item_trophy_deathsquito) (Deathsquito Trophy)", -178752771, "ZNetView, ZSyncTransform, ItemDrop"
"TrophyDeer ($item_trophy_deer) (Deer Trophy)", 1281967652, "ZNetView, ZSyncTransform, ItemDrop"
"TrophyDragonQueen ($item_trophy_dragonqueen) (Moder Trophy)", 1777024751, "ZNetView, ZSyncTransform, ItemDrop, Floating"
"TrophyDraugr ($item_trophy_draugr) (Draugr Trophy)", 255610059, "ZNetView, ZSyncTransform, ItemDrop"
"TrophyDraugrElite ($item_trophy_draugrelite) (Draugr Elite Trophy)", 224753756, "ZNetView, ZSyncTransform, ItemDrop"
"TrophyDraugrFem ($item_trophy_draugr) (Draugr Trophy)", 2113459109, "ZNetView, ZSyncTransform, ItemDrop"
"TrophyDvergr ($item_trophy_dvergr) (Dvergr Trophy)", 388316152, "ZNetView, ZSyncTransform, ItemDrop"
"TrophyEikthyr ($item_trophy_eikthyr) (Eikthyr Trophy)", -210135580, "ZNetView, ZSyncTransform, ItemDrop, Floating"
"TrophyFader ($item_trophy_fader) (Fader Trophy)", -555786200, "ZNetView, ZSyncTransform, ItemDrop, Floating"
"TrophyFallenValkyrie ($item_trophy_fallenvalkyrie) (Fallen Valkyrie Trophy)", -1572092205, "ZNetView, ZSyncTransform, ItemDrop"
"TrophyFenring ($item_trophy_fenring) (Fenring Trophy)", -1862041229, "ZNetView, ZSyncTransform, ItemDrop"
"TrophyForestTroll ($item_trophy_troll) (Troll Trophy)", 1490357724, "ZNetView, ZSyncTransform, ItemDrop"
"TrophyFrostTroll ($item_trophy_troll) (Troll Trophy)", 1334057821, "ZNetView, ZSyncTransform, ItemDrop"
"TrophyGhost ($item_trophy_ghost) (Ghost Trophy)", -1994263197, "ZNetView, ZSyncTransform, ItemDrop"
"TrophyGjall ($item_trophy_gjall) (Gjall Trophy)", 1951121652, "ZNetView, ZSyncTransform, ItemDrop"
"TrophyGoblin ($item_trophy_goblin) (Fuling Trophy)", -1910628999, "ZNetView, ZSyncTransform, ItemDrop"
"TrophyGoblinBrute ($item_trophy_goblinbrute) (Fuling Berserker Trophy)", -1059419183, "ZNetView, ZSyncTransform, ItemDrop"
"TrophyGoblinBruteBrosBrute ($item_trophy_brutebro) (Thungr Trophy)", -2087459199, "ZNetView, ZSyncTransform, ItemDrop"
"TrophyGoblinBruteBrosShaman ($item_trophy_shamanbro) (Zil Trophy)", 1090845817, "ZNetView, ZSyncTransform, ItemDrop"
"TrophyGoblinKing ($item_trophy_goblinking) (Yagluth Trophy)", -761824688, "ZNetView, ZSyncTransform, ItemDrop, Floating"
"TrophyGoblinShaman ($item_trophy_goblinshaman) (Fuling Shaman Trophy)", -1390649375, "ZNetView, ZSyncTransform, ItemDrop"
"TrophyGreydwarf ($item_trophy_greydwarf) (Greydwarf Trophy)", 1438359047, "ZNetView, ZSyncTransform, ItemDrop"
"TrophyGreydwarfBrute ($item_trophy_greydwarfbrute) (Greydwarf Brute Trophy)", 520692315, "ZNetView, ZSyncTransform, ItemDrop"
"TrophyGreydwarfShaman ($item_trophy_greydwarfshaman) (Greydwarf Shaman Trophy)", -1167222293, "ZNetView, ZSyncTransform, ItemDrop"
"TrophyGrowth ($item_trophy_growth) (Growth Trophy)", -1545751767, "ZNetView, ZSyncTransform, ItemDrop"
"TrophyHare ($item_trophy_hare) (Hare Trophy)", 730872782, "ZNetView, ZSyncTransform, ItemDrop"
"TrophyHatchling ($item_trophy_hatchling) (Drake Trophy)", 1489900578, "ZNetView, ZSyncTransform, ItemDrop"
"TrophyKvastur ($enemy_kvastur) (Kvastur)", -1184827872, "ZNetView, ZSyncTransform, ItemDrop"
"TrophyLeech ($item_trophy_leech) (Leech Trophy)", 2011746767, "ZNetView, ZSyncTransform, ItemDrop"
"TrophyLox ($item_trophy_lox) (Lox Trophy)", 1418882551, "ZNetView, ZSyncTransform, ItemDrop"
"TrophyMorgen ($item_trophy_morgen) (Morgen Trophy)", 1564228932, "ZNetView, ZSyncTransform, ItemDrop"
"TrophyNeck ($item_trophy_neck) (Neck Trophy)", -640346581, "ZNetView, ZSyncTransform, ItemDrop"
"TrophySeeker ($item_trophy_seeker) (Seeker Trophy)", -1531883793, "ZNetView, ZSyncTransform, ItemDrop"
"TrophySeekerBrute ($item_trophy_seeker_brute) (Seeker Soldier Trophy)", -288469621, "ZNetView, ZSyncTransform, ItemDrop"
"TrophySeekerQueen ($item_trophy_seekerqueen) (The Queen Trophy)", 222489465, "ZNetView, ZSyncTransform, ItemDrop, Floating"
"TrophySerpent ($item_trophy_serpent) (Serpent Trophy)", -659296385, "ZNetView, ZSyncTransform, ItemDrop"
"TrophySGolem ($item_trophy_sgolem) (Stone Golem Trophy)", 394875495, "ZNetView, ZSyncTransform, ItemDrop"
"TrophySkeleton ($item_trophy_skeleton) (Skeleton Trophy)", 446596857, "ZNetView, ZSyncTransform, ItemDrop"
"TrophySkeletonHildir ($item_trophy_skeleton_hildir) (Brenna Trophy)", 336792979, "ZNetView, ZSyncTransform, ItemDrop"
"TrophySkeletonPoison ($item_trophy_skeletonpoison) (Rancid Remains Trophy)", 319457105, "ZNetView, ZSyncTransform, ItemDrop"
"TrophySurtling ($item_trophy_surtling) (Surtling Trophy)", 1253526026, "ZNetView, ZSyncTransform, ItemDrop"
"TrophyTheElder ($item_trophy_elder) (The Elder Trophy)", -7767225, "ZNetView, ZSyncTransform, ItemDrop, Floating"
"TrophyTick ($item_trophy_tick) (Tick Trophy)", -1917457907, "ZNetView, ZSyncTransform, ItemDrop"
"TrophyUlv ($item_trophy_ulv) (Ulv Trophy)", -1310001585, "ZNetView, ZSyncTransform, ItemDrop"
"TrophyWolf ($item_trophy_wolf) (Wolf Trophy)", 1691899648, "ZNetView, ZSyncTransform, ItemDrop"
"TrophyVolture ($item_trophy_volture) (Volture Trophy)", 386496655, "ZNetView, ZSyncTransform, ItemDrop"
"TrophyWraith ($item_trophy_wraith) (Wraith Trophy)", 1821410901, "ZNetView, ZSyncTransform, ItemDrop"
"tunnel_web", 1473935011, "ZNetView"
"turf_roof", -174377588, "Piece, ZNetView, WearNTear"
"turf_roof_top", -1994750376, "Piece, ZNetView, WearNTear"
"turf_roof_wall", -2117703061, "Piece, ZNetView, WearNTear"
"Turnip ($item_turnip) (Turnip)", -1615314128, "ZNetView, ZSyncTransform, ItemDrop"
"TurnipSeeds ($item_turnipseeds) (Turnip Seeds)", 1883826970, "ZNetView, ZSyncTransform, ItemDrop"
"TurnipStew ($item_turnipstew) (Turnip Stew)", 131796573, "ZNetView, ZSyncTransform, ItemDrop, Piece, WearNTear"
"Turret_projectile", 2021006706, "Projectile, ZNetView, ZSyncTransform"
"Turret_projectilebone", 730139996, "Projectile, ZNetView, ZSyncTransform"
"TurretBolt ($item_turretbolt) (Black Metal Missile)", 1300114313, "ZNetView, ZSyncTransform, ItemDrop"
"TurretBoltBone ($item_turretboltbone) ([item_turretboltbone])", 225506279, "ZNetView, ZSyncTransform, ItemDrop"
"TurretBoltFlametal ($item_turretbolt_flametal) (Flametal Missile)", -1599153329, "ZNetView, ZSyncTransform, ItemDrop"
"TurretBoltWood ($item_turretboltwood) (Wooden Missile)", -1340577042, "ZNetView, ZSyncTransform, ItemDrop"
"Ulv", -63484205, "Humanoid, CharacterDrop, ZNetView, ZSyncTransform, ZSyncAnimation, MonsterAI, FootStep"
"Ulv_attack1_bite (Bite Attack) (Bite Attack)", -2106399042, "ZSyncTransform, ZNetView, ItemDrop"
"Ulv_attack2_slash (Slash Attack) (Slash Attack)", -1857559904, "ZSyncTransform, ZNetView, ItemDrop"
"Ulv_Ragdoll", 2013076875, "ZNetView, Ragdoll"
"Unbjorn", 1522092210, "Humanoid, MonsterAI, CharacterDrop, ZNetView, ZSyncTransform, ZSyncAnimation, FootStep, LevelEffects"
"unbjorn_bite (bjorn bite) (bjorn bite)", 1714122885, "ZNetView, ZSyncTransform, ItemDrop"
"unbjorn_claws (bjorn bite) (bjorn bite)", 65234645, "ZNetView, ZSyncTransform, ItemDrop"
"Unbjorn_ragdoll", -1401584322, "ZNetView, Ragdoll"
"unbjorn_swipe_combo (bjorn bite) (bjorn bite)", -923734326, "ZNetView, ZSyncTransform, ItemDrop"
"unbjorn_swipe_l (bjorn bite) (bjorn bite)", 968020356, "ZNetView, ZSyncTransform, ItemDrop"
"unbjorn_swipe_r (bjorn bite) (bjorn bite)", 968020386, "ZNetView, ZSyncTransform, ItemDrop"
"UndeadBjornRibcage ($item_UndeadBjornRibcage) (Vile Ribcage)", -303747719, "ZNetView, ZSyncTransform, ItemDrop"
"UnstableLavaRock ($item_destructible_unstablelavarock) (Unstable Lava Rock)", -1209701263, "LodFadeInOut, ZNetView, DropOnDestroyed, Destructible, HoverText, StaticPhysics"
"UnstableLavaRock_explosion", -1874176361, "ZNetView, Aoe"
"Valkyrie", 1321415847, "Valkyrie, ZNetView, ZSyncTransform"
"WaterLiquid", 1614819093, "LiquidVolume, ZNetView"
"veg_skull_Ashlands", 344626859, "Destructible, ZNetView, StaticPhysics, DropOnDestroyed"
"VegvisirShard_Bonemass (Yagluth thing) (Yagluth thing)", 2016758402, "ZNetView, ZSyncTransform, ItemDrop"
"vertical_web", 547607065, "ZNetView"
"vfx_ carrion_destroyed", 1809303053, "ZNetView, TimedDestruction"
"vfx_arbalest_fire", 2034696918, "ZNetView, TimedDestruction"
"vfx_archerytarget_bullseye", 649818616, "ZNetView, TimedDestruction"
"vfx_archerytarget_bullseye_double", 764854000, "ZNetView, TimedDestruction"
"vfx_archerytarget_bullseye_quint", 1599688024, "ZNetView, TimedDestruction"
"vfx_ArcheryTarget_hit", -1007926976, "ZNetView, TimedDestruction"
"vfx_arrowhit", -1733578089, "TimedDestruction, ZNetView"
"vfx_Ash_Arch2_Broken1_destroyed", -498403247, "ZNetView, Gibber"
"vfx_Ash_Arch2_Broken2_destroyed", -691427538, "ZNetView, Gibber"
"vfx_ashland_gate_destruction", -1522335833, "Gibber, ZNetView"
"vfx_ashland_ruin_wall_windows_broken_4x6_destruction", 1550490032, "Gibber, ZNetView"
"vfx_ashland_wall_2x2_corner_destruction", 844611757, "Gibber, ZNetView"
"vfx_ashland_wall_2x2_destruction", 348162801, "Gibber, ZNetView"
"vfx_ashlandsbow_blood_fire", 1623932517, "ZNetView, TimedDestruction"
"vfx_ashlandsbow_lightning_fire", -1897420253, "ZNetView, TimedDestruction"
"vfx_ashlandsbow_nature_fire", -842783136, "ZNetView, TimedDestruction"
"vfx_ashlandslogdestroyed", -1120224060, "ZNetView, TimedDestruction"
"vfx_ashlandslogdestroyed_half", -1701898288, "ZNetView, TimedDestruction"
"vfx_ashlandstreecut", -610781907, "TimedDestruction, ZNetView"
"vfx_Ashpiece_roof_destroyed", -2012157532, "Gibber, ZNetView"
"vfx_AshPieceDestroyed", 516018372, "ZNetView, TimedDestruction"
"vfx_Ashruin_steepstair_destroyed", 1229956656, "ZNetView, Gibber"
"vfx_Ashruin_wall3_destroyed", -929881517, "ZNetView, Gibber"
"vfx_Ashruin_wall4_destroyed", -819588808, "ZNetView, Gibber"
"vfx_Ashruin_wall5_destroyed", -856633063, "ZNetView, Gibber"
"vfx_Ashruin_window2_destroyed", 594017038, "ZNetView, Gibber"
"vfx_Ashruin_window3_destroyed", 327186989, "ZNetView, Gibber"
"vfx_Ashruin_window4_destroyed", 373157068, "ZNetView, Gibber"
"vfx_Ashruin_window5_destroyed", 410201323, "ZNetView, Gibber"
"vfx_Ashruin_window6_destroyed", 446962826, "ZNetView, Gibber"
"vfx_auto_pickup", 1066770835, "TimedDestruction, ZNetView"
"vfx_barley_destroyed", 1316049866, "TimedDestruction, ZNetView"
"vfx_barnacle_destroyed", 1495888243, "ZNetView, TimedDestruction"
"vfx_barnacle_hit", -365758259, "ZNetView, TimedDestruction"
"vfx_barrle_destroyed", 331770029, "ZNetView, TimedDestruction, Gibber"
"vfx_beech_cut", 468348387, "TimedDestruction, ZNetView"
"vfx_beech_small1_destroy", -127434936, "TimedDestruction, ZNetView"
"vfx_beech_small2_destroy", 510000429, "TimedDestruction, ZNetView"
"vfx_beechlog_destroyed", -35451204, "ZNetView, TimedDestruction"
"vfx_beechlog_half_destroyed", -317910816, "ZNetView, TimedDestruction"
"vfx_beehive_destroyed", -470808985, "ZNetView, TimedDestruction"
"vfx_beehive_hit", 976946033, "ZNetView, TimedDestruction"
"vfx_birch1_aut_cut", 859572588, "TimedDestruction, ZNetView"
"vfx_birch1_cut", -1147555287, "TimedDestruction, ZNetView"
"vfx_birch2_aut_cut", -851096239, "TimedDestruction, ZNetView"
"vfx_birch2_cut", 1055017368, "TimedDestruction, ZNetView"
"vfx_bjorn_groundslam", 1961182073, "ZNetView, TimedDestruction"
"vfx_blastfurance_addfuel", 1343538387, "ZNetView, TimedDestruction"
"vfx_blastfurnace_addore", 984877513, "ZNetView, TimedDestruction"
"vfx_blastfurnace_produce", 2028884154, "ZNetView, TimedDestruction"
"vfx_blob_attack", 18698171, "ZNetView, TimedDestruction"
"vfx_blob_death", 593299331, "ZNetView, TimedDestruction"
"vfx_blob_frost_attack", -968627914, "ZNetView, TimedDestruction"
"vfx_blob_frost_death", 1568460864, "ZNetView, TimedDestruction"
"vfx_blob_frost_hit", -1210029971, "ZNetView, TimedDestruction"
"vfx_blob_hit", 1665989430, "ZNetView, TimedDestruction"
"vfx_blobelite_attack", 1436176688, "ZNetView, TimedDestruction"
"vfx_blobtar_death", 145857790, "ZNetView, TimedDestruction"
"vfx_blobtar_hit", 382852373, "ZNetView, TimedDestruction"
"vfx_blocked", -886131209, "TimedDestruction, ZNetView"
"vfx_BloodDeath", 1874304749, "ZNetView, TimedDestruction"
"vfx_BloodHit", -512952038, "ZNetView, TimedDestruction"
"vfx_boar_birth", 1921065415, "ZNetView, TimedDestruction"
"vfx_boar_death", -318107006, "ZNetView, TimedDestruction"
"vfx_boar_hit", 2086679503, "ZNetView, TimedDestruction"
"vfx_boar_love", 195340900, "ZNetView, TimedDestruction"
"vfx_BombBlob_explode_frost", 252250057, "ZNetView, TimedDestruction"
"vfx_BombBlob_explode_lava", -916064261, "ZNetView, TimedDestruction"
"vfx_BombBlob_explode_poison", 158924377, "ZNetView, TimedDestruction"
"vfx_BombBlob_explode_poisonelite", -814351570, "ZNetView, TimedDestruction"
"vfx_BombBlob_explode_tar", 121120182, "ZNetView, TimedDestruction"
"vfx_bone_stack_destroyed", 2000079902, "Gibber, ZNetView"
"vfx_BonemassDeath", -1941020771, "ZNetView, TimedDestruction"
"vfx_BonemassHit", -1564202362, "ZNetView, TimedDestruction"
"vfx_bonemawserpent_death", -1077036934, "ZNetView, TimedDestruction"
"vfx_bonepile_destroyed", -1211919799, "ZNetView, TimedDestruction"
"vfx_bones_pick", 1565156094, "ZNetView, TimedDestruction"
"vfx_bonfire_AddFuel", 1894220146, "ZNetView, TimedDestruction"
"vfx_bonfire_destroyed", -904512894, "ZNetView, TimedDestruction"
"vfx_bow_fire", -2082004790, "ZNetView, TimedDestruction"
"vfx_bowl_AddItem", -1645099656, "ZNetView, TimedDestruction"
"vfx_BugRepellent", 1186211450, "ZNetView, ZSyncTransform"
"vfx_Burning", -404786718, "ZNetView, ZSyncTransform"
"vfx_bush_destroyed", 608518267, "ZNetView, TimedDestruction"
"vfx_bush_destroyed_heath", 358887432, "ZNetView, TimedDestruction"
"vfx_bush_leaf_puff", 1138218448, "ZNetView, TimedDestruction"
"vfx_bush_leaf_puff_heath", -2056072157, "ZNetView, TimedDestruction"
"vfx_bush2_e_hit", 1106775641, "ZNetView, TimedDestruction"
"vfx_bush2_en_destroyed", 1659973233, "ZNetView, TimedDestruction"
"vfx_cartograpertable_write", -1811143589, "ZNetView, TimedDestruction"
"vfx_catapult_legdown", -1938953220, "ZNetView, TimedDestruction"
"vfx_catapult_load", -1799107644, "ZNetView, TimedDestruction"
"vfx_catapult_release", 891150159, "ZNetView, TimedDestruction"
"vfx_charredbanner_destroyed", 1752059616, "Gibber, ZNetView"
"vfx_CharredBanner1_destroyed", 2113433077, "ZNetView, Gibber"
"vfx_CharredBanner2_destroyed", 2053689126, "ZNetView, Gibber"
"vfx_CharredBanner3_destroyed", -1269109269, "ZNetView, Gibber"
"vfx_charredcross_spawner_destroyed", -1199110663, "Gibber, ZNetView"
"vfx_cloth_hanging_destroyed", -395953198, "Gibber, ZNetView"
"vfx_clubhit", 1224459144, "TimedDestruction, ZNetView"
"vfx_CoalDestroyed", -1724176891, "ZNetView, TimedDestruction"
"vfx_CoalHit", 1378946595, "ZNetView, TimedDestruction"
"vfx_coin_pile_destroyed", 625439651, "Gibber, ZNetView"
"vfx_coin_stack_destroyed", 1245329977, "Gibber, ZNetView"
"vfx_Cold", 121256471, "ZNetView, ZSyncTransform"
"vfx_ColdBall_Hit", 1008503002, "ZNetView, TimedDestruction"
"vfx_ColdBall_launch", 1718661266, "ZNetView, TimedDestruction"
"vfx_cooking_station_transform", -1234239539, "TimedDestruction, ZNetView"
"vfx_corpse_destruction_large", 1848449852, "ZNetView, TimedDestruction, CamShaker"
"vfx_corpse_destruction_medium", 510941886, "ZNetView, TimedDestruction, CamShaker"
"vfx_corpse_destruction_small", 1555670196, "ZNetView, TimedDestruction, CamShaker"
"vfx_crate_destroyed", 624138058, "ZNetView, Gibber"
"vfx_creature_soothed", -416794571, "ZNetView, TimedDestruction"
"vfx_creep_hangingdetroyed", 1741667805, "ZNetView, Gibber"
"vfx_crossbow_blood_fire", -258669603, "ZNetView, TimedDestruction"
"vfx_crossbow_lightning_fire", -983176009, "ZNetView, TimedDestruction"
"vfx_crossbow_nature_fire", 389914880, "ZNetView, TimedDestruction"
"vfx_crow_death", 1768661069, "ZNetView, TimedDestruction"
"vfx_crypt_skeleton_chest_destroyed", -230713, "ZNetView, Gibber, MaterialVariationWorld"
"vfx_damaged_cart", -284562001, "ZNetView, TimedDestruction"
"vfx_Damaged_Karve", -1049460462, "ZNetView, TimedDestruction"
"vfx_Damaged_Raft", 884897364, "ZNetView, TimedDestruction"
"vfx_Damaged_VikingShip", -2045988123, "ZNetView, TimedDestruction"
"vfx_darkland_groundfog", -1896715824, "ZNetView"
"vfx_deer_death", -1290868190, "ZNetView, TimedDestruction"
"vfx_deer_hit", -1914944657, "ZNetView, TimedDestruction"
"vfx_Destroyed_AshlandsShip", -2053470865, "ZNetView, Gibber"
"vfx_Destroyed_Karve", 168794906, "ZNetView, Gibber"
"vfx_Destroyed_Raft", -2044113848, "ZNetView, Gibber"
"vfx_Destroyed_VikingShip", 1181203005, "ZNetView, Gibber"
"vfx_dragon_coldbreath", 1034819573, "ZNetView, TimedDestruction, ZSyncTransform"
"vfx_dragon_death", 1273669409, "ZNetView, TimedDestruction"
"vfx_dragon_hurt", -708018736, "ZNetView, TimedDestruction"
"vfx_dragon_ice_hit", 1662860094, "ZNetView, TimedDestruction"
"vfx_dragonegg_destroy", 2102462628, "ZNetView, TimedDestruction"
"vfx_draugr_death", -1805750341, "ZNetView, TimedDestruction"
"vfx_draugr_hit", 2105343528, "ZNetView, TimedDestruction"
"vfx_draugrpile_destroyed", -786333438, "ZNetView, TimedDestruction"
"vfx_draugrpile_hit", 836768320, "ZNetView, TimedDestruction"
"vfx_DraugrSpawn", -1452023749, "ZNetView, TimedDestruction"
"vfx_dvergpost_destroyed", 1343642985, "ZNetView, Gibber"
"vfx_dvergr_beam_destroyed", 1526019331, "ZNetView, Gibber"
"vfx_dvergr_curtain_banner_destroyed", -1714554851, "Gibber, ZNetView"
"vfx_dvergr_curtain_banner_destroyed_horisontal", -1998342887, "Gibber, ZNetView"
"vfx_dvergr_pole_destroyed", -434038054, "ZNetView, Gibber"
"vfx_dvergr_stake_destroyed", 1383713634, "ZNetView, Gibber"
"vfx_dvergr_stakewall_destroyed", 892716570, "ZNetView, Gibber"
"vfx_dvergr_wood_wall02_destroyed", 574648488, "Gibber, ZNetView"
"vfx_dvergr_wood_wall03_destroyed", 635991149, "Gibber, ZNetView"
"vfx_dvergr_wood_wall04_destroyed", 172353202, "Gibber, ZNetView"
"vfx_dvergrchair_destroyed", 1637567696, "ZNetView, Gibber"
"vfx_dvergrcreep_beam_destroyed", -757807274, "ZNetView, Gibber"
"vfx_dvergrcreep_pole_destroyed", 1852603155, "ZNetView, Gibber"
"vfx_dvergrcreep_support_destroyed", -732360912, "ZNetView, Gibber"
"vfx_dvergrcreep_wood_wall02_destroyed", 396597529, "Gibber, ZNetView"
"vfx_dvergrcreep_wood_wall03_destroyed", 433641784, "Gibber, ZNetView"
"vfx_dvergrstool_destroyed", 1265877422, "ZNetView, Gibber"
"vfx_dvergrtable_destroyed", -158022795, "ZNetView, Gibber"
"vfx_edge_clouds", -602293851, "ZNetView"
"vfx_eikthyr_death", -87169824, "ZNetView, TimedDestruction"
"vfx_fenring_cultist_death", -12616560, "ZNetView, TimedDestruction"
"vfx_fenring_cultist_hildir_death", -1257969579, "ZNetView, TimedDestruction"
"vfx_fenring_death", 2101883415, "ZNetView, TimedDestruction"
"vfx_fenring_hurt", -837531426, "ZNetView, TimedDestruction"
"vfx_fenrirhide_hanging_destroyed", -540699250, "Gibber, ZNetView"
"vfx_fermenter_add", 174557517, "ZNetView, TimedDestruction"
"vfx_fermenter_tap", -228727875, "ZNetView, TimedDestruction"
"vfx_FernAshlands_destroyed", -58250568, "ZNetView, TimedDestruction"
"vfx_FernAshlands_puff", -1824942930, "ZNetView, TimedDestruction"
"vfx_fir_oldlog", 550787196, "ZNetView, TimedDestruction"
"vfx_FireAddFuel", -59626026, "ZNetView, TimedDestruction"
"vfx_FireballHit", -1734590895, "ZNetView, TimedDestruction"
"vfx_firetree_regrow", 1403184098, "TimedDestruction, ZNetView"
"vfx_firetreecut", -1699433389, "TimedDestruction, ZNetView"
"vfx_firetreecut_dead", -139036264, "TimedDestruction, ZNetView"
"vfx_firetreecut_dead_abomination", -127726790, "TimedDestruction, ZNetView, CamShaker"
"vfx_FireWork_BlackCore", 46415561, "TimedDestruction, ZNetView"
"vfx_Firework_Rocket", -1369744779, "TimedDestruction, ZNetView"
"vfx_Firework_Rocket_Blue", 1320355888, "TimedDestruction, ZNetView"
"vfx_Firework_Rocket_Cyan", -635716097, "TimedDestruction, ZNetView"
"vfx_Firework_Rocket_Green", 1416779361, "TimedDestruction, ZNetView"
"vfx_Firework_Rocket_Purple", -1148639722, "TimedDestruction, ZNetView"
"vfx_Firework_Rocket_Red", -922498619, "TimedDestruction, ZNetView"
"vfx_Firework_Rocket_Yellow", -221034124, "TimedDestruction, ZNetView"
"vfx_FireWork_SurtlingCore", 1462857022, "TimedDestruction, ZNetView"
"vfx_FireWork_ThunderStone", -1461453252, "TimedDestruction, ZNetView"
"vfx_firlogdestroyed", 151805409, "ZNetView, TimedDestruction"
"vfx_firlogdestroyed_half", 1880682397, "ZNetView, TimedDestruction"
"vfx_FlameBall_launch", 127336021, "ZNetView, TimedDestruction"
"vfx_foresttroll_hit", 1497395801, "ZNetView, TimedDestruction"
"vfx_ForgeAddFuel", 1337401413, "ZNetView, TimedDestruction"
"vfx_Freezing", 982281717, "ZNetView, ZSyncTransform"
"vfx_Frost", -990890393, "ZNetView, ZSyncTransform"
"vfx_frostarrow_hit", -225851562, "TimedDestruction, ZNetView"
"vfx_frosttroll_hit", -327544276, "ZNetView, TimedDestruction"
"vfx_gdking_stomp", -1006512207, "TimedDestruction, CamShaker, ZNetView"
"vfx_ghost_death", -1040762809, "ZNetView, TimedDestruction"
"vfx_ghost_hit", -565995904, "ZNetView, TimedDestruction"
"vfx_GiantMetal_destroyed", -749809465, "ZNetView, TimedDestruction"
"vfx_gjall_spit", 44635296, "ZNetView, TimedDestruction"
"vfx_goblin_death", -1229125003, "ZNetView, TimedDestruction"
"vfx_goblin_hit", -1982327694, "ZNetView, TimedDestruction"
"vfx_goblin_woodwall_destroyed", -2075528908, "ZNetView, TimedDestruction"
"vfx_goblinbrute_death", -1461997707, "ZNetView, TimedDestruction"
"vfx_goblinbrute_hildir_death", -107009288, "ZNetView, TimedDestruction"
"vfx_goblinbrute_hit", 939866254, "ZNetView, TimedDestruction"
"vfx_goblinking_beam_OLD", 580593833, "ZNetView, TimedDestruction, ZSyncTransform"
"vfx_GoblinShield", 354834569, "ZNetView, ZSyncTransform"
"vfx_GodExplosion", -811131418, "TimedDestruction, ZNetView"
"vfx_grausten_stair_destroyed", 1426172474, "ZNetView, TimedDestruction"
"vfx_GraustenDestroyed", -792077467, "ZNetView, TimedDestruction"
"vfx_GraustenDestroyed_large", -459269561, "ZNetView, TimedDestruction"
"vfx_greydwarf_death", 1697016051, "ZNetView, TimedDestruction"
"vfx_greydwarf_elite_death", 1673835157, "ZNetView, TimedDestruction"
"vfx_greydwarf_hit", 213347242, "ZNetView, TimedDestruction"
"vfx_greydwarf_root_destroyed", 1210601465, "ZNetView, TimedDestruction"
"vfx_greydwarf_shaman_pray", -997579616, "ZNetView, TimedDestruction, ZSyncTransform"
"vfx_greydwarfnest_destroyed", 1285232666, "ZNetView, TimedDestruction"
"vfx_greydwarfnest_hit", 1714298628, "ZNetView, TimedDestruction"
"vfx_groundtorch_addFuel", 234310646, "ZNetView, TimedDestruction"
"vfx_GuckSackDestroyed", -1900611834, "ZNetView, TimedDestruction"
"vfx_GuckSackHit", -285005240, "ZNetView, TimedDestruction"
"vfx_GuckSackSmall_Destroyed", -502557894, "ZNetView, TimedDestruction"
"vfx_Harpooned", 281556695, "ZNetView, ZSyncTransform, LineConnect"
"vfx_hatchling_death", -665211050, "ZNetView, TimedDestruction"
"vfx_hatchling_hurt", 1791984981, "ZNetView, TimedDestruction"
"vfx_HealthUpgrade", 528844679, "TimedDestruction, ZNetView"
"vfx_HearthAddFuel", 713592094, "ZNetView, TimedDestruction"
"vfx_HitSparks", 1969967266, "ZNetView, TimedDestruction"
"vfx_hjall_spit_hit", 232713811, "ZNetView, TimedDestruction"
"vfx_ice_destroyed", -477844346, "ZNetView, TimedDestruction"
"vfx_ice_destroyed_shelf", 1893942415, "ZNetView, TimedDestruction"
"vfx_ice_hit", 905768520, "ZNetView, TimedDestruction"
"vfx_iceblocker_destroyed", -1671524600, "ZNetView, TimedDestruction"
"vfx_ImpDeath", -1147224145, "ZNetView, TimedDestruction"
"vfx_kiln_addore", 463220889, "ZNetView, TimedDestruction"
"vfx_kiln_produce", -713949142, "ZNetView, TimedDestruction"
"vfx_leech_death", 1653866731, "ZNetView, TimedDestruction"
"vfx_leech_hit", -1499057998, "ZNetView, TimedDestruction"
"vfx_lever", 393840463, "ZNetView, TimedDestruction, CamShaker"
"vfx_LightFoot", 1739920819, "ZNetView, ZSyncTransform"
"vfx_lightningstaff_fire", 958689740, "ZNetView, TimedDestruction"
"vfx_lootspawn", -56897708, "TimedDestruction, ZNetView"
"vfx_lox_groundslam", 911060721, "ZNetView, TimedDestruction"
"vfx_lox_love", 169761379, "ZNetView, TimedDestruction"
"vfx_lox_soothed", 247941897, "ZNetView, TimedDestruction"
"vfx_MarbleDestroyed", 1799120133, "ZNetView, TimedDestruction"
"vfx_MarbleHit", 1251606243, "ZNetView, TimedDestruction"
"vfx_MeadBzerker", -1738341335, "ZNetView, ZSyncTransform"
"vfx_MeadHasty", 2045969357, "ZNetView, ZSyncTransform"
"vfx_MeadSplash", -993136993, "ZNetView, TimedDestruction"
"vfx_MeadStrength", -614152213, "ZNetView, ZSyncTransform"
"vfx_MeadSwimmer", -1157979572, "ZNetView, ZSyncTransform"
"vfx_MeadTamer", -1395370551, "ZNetView, ZSyncTransform"
"vfx_mill_add", 1864219229, "ZNetView, TimedDestruction"
"vfx_mill_produce", -873027154, "ZNetView, TimedDestruction"
"vfx_mistlands_mist", 1852800952, "ZNetView"
"vfx_morgenhole_pile_destroyed", 296085350, "ZNetView, TimedDestruction"
"vfx_mountainkit_chair_destroyed", 1273663262, "Gibber, ZNetView"
"vfx_mountainkit_table_destroyed", -1844426309, "Gibber, ZNetView"
"vfx_MudDestroyed", 1067466478, "ZNetView, TimedDestruction"
"vfx_MudHit", 1061837716, "ZNetView, TimedDestruction"
"vfx_neck_death", 939881635, "ZNetView, TimedDestruction"
"vfx_neck_hit", 461345558, "ZNetView, TimedDestruction"
"vfx_oak_cut", -1049327509, "TimedDestruction, ZNetView"
"vfx_oaklogdestroyed", 810109753, "ZNetView, TimedDestruction"
"vfx_oaklogdestroyed_half", -1918736987, "ZNetView, TimedDestruction"
"vfx_ocean_clouds", 267788734, "ZNetView"
"vfx_odin_despawn", 139151798, "ZNetView, TimedDestruction"
"vfx_offering", 2119690483, "TimedDestruction, ZNetView"
"vfx_perfectblock", -1068553607, "TimedDestruction, ZNetView"
"vfx_pick_wisp", -548233248, "TimedDestruction, ZNetView"
"vfx_pickable_pick", 30264026, "TimedDestruction, ZNetView"
"vfx_pinelogdestroyed", 1271903464, "ZNetView, TimedDestruction"
"vfx_pinelogdestroyed_half", 606433836, "ZNetView, TimedDestruction"
"vfx_pinetree_regrow", -1912975828, "TimedDestruction, ZNetView"
"vfx_pinetreecut", -1028062451, "TimedDestruction, ZNetView"
"vfx_Place_bed", -1132904122, "ZNetView, TimedDestruction"
"vfx_Place_beehive", -1425267801, "ZNetView, TimedDestruction"
"vfx_Place_brazierceiling01", -188774892, "ZNetView, TimedDestruction"
"vfx_Place_cart", 98119083, "ZNetView, TimedDestruction"
"vfx_Place_cauldron", -1835506573, "ZNetView, TimedDestruction"
"vfx_Place_charcoalkiln", 793204114, "ZNetView, TimedDestruction"
"vfx_Place_chest", 233679104, "ZNetView, TimedDestruction"
"vfx_Place_cookingstation_iron", 2095980090, "ZNetView, TimedDestruction"
"vfx_Place_darkwood_gate", -414032288, "ZNetView, TimedDestruction"
"vfx_Place_digg", 1247363526, "ZNetView, TimedDestruction"
"vfx_Place_forge", -882071934, "ZNetView, TimedDestruction"
"vfx_Place_HildirClothesRack", -149707318, "ZNetView, TimedDestruction"
"vfx_Place_HildirFabricRoll", -1095034367, "ZNetView, TimedDestruction"
"vfx_Place_HildirTableClothes", -1449576503, "ZNetView, TimedDestruction"
"vfx_Place_Karve", -1990881174, "ZNetView, TimedDestruction"
"vfx_Place_mud_road", -986664346, "ZNetView, TimedDestruction, CamShaker"
"vfx_Place_oven", -1931600359, "ZNetView, TimedDestruction"
"vfx_Place_portal", 1833898339, "ZNetView, TimedDestruction"
"vfx_Place_Raft", 98119528, "ZNetView, TimedDestruction"
"vfx_Place_raise", -1587639081, "ZNetView, TimedDestruction, CamShaker"
"vfx_Place_refinery", -13607197, "ZNetView, TimedDestruction"
"vfx_Place_replant", -148711009, "ZNetView, TimedDestruction"
"vfx_Place_smallitem", 1214614237, "ZNetView, TimedDestruction"
"vfx_Place_smelter", -844306953, "ZNetView, TimedDestruction"
"vfx_Place_spinningwheel", 2083408048, "ZNetView, TimedDestruction"
"vfx_Place_stone_floor", 2082355887, "ZNetView, TimedDestruction"
"vfx_Place_stone_floor_2x2", -17539746, "ZNetView, TimedDestruction"
"vfx_Place_stone_wall_2x1", 460429117, "ZNetView, TimedDestruction"
"vfx_Place_stone_wall_4x2", 1179538052, "ZNetView, TimedDestruction"
"vfx_Place_throne02", -869703693, "ZNetView, TimedDestruction"
"vfx_Place_turret", -1979681737, "ZNetView, TimedDestruction"
"vfx_Place_VikingShip", 485939669, "ZNetView, TimedDestruction"
"vfx_Place_windmill", 470607579, "ZNetView, TimedDestruction"
"vfx_Place_wood_beam", 1407536740, "ZNetView, TimedDestruction"
"vfx_Place_wood_floor", -752405273, "ZNetView, TimedDestruction"
"vfx_Place_wood_pole", 298697721, "ZNetView, TimedDestruction"
"vfx_Place_wood_roof", 177738195, "ZNetView, TimedDestruction"
"vfx_Place_wood_stair", -2070887160, "ZNetView, TimedDestruction"
"vfx_Place_wood_wall", 1804172929, "ZNetView, TimedDestruction"
"vfx_Place_wood_wall_half", -1695999899, "ZNetView, TimedDestruction"
"vfx_Place_wood_wall_roof", -849025734, "ZNetView, TimedDestruction"
"vfx_Place_workbench", 1112160676, "ZNetView, TimedDestruction"
"vfx_player_death", 1600378975, "ZNetView, TimedDestruction"
"vfx_player_hit", 2114241932, "ZNetView, TimedDestruction"
"vfx_Poison", 1225290243, "ZNetView, ZSyncTransform"
"vfx_poisonarrow_hit", -1642631106, "TimedDestruction, ZNetView"
"vfx_Potion_eitr_minor", -1778433855, "ZNetView, ZSyncTransform"
"vfx_Potion_health_medium", -1239285227, "ZNetView, ZSyncTransform"
"vfx_Potion_stamina_medium", 1971950416, "ZNetView, ZSyncTransform"
"vfx_prespawn", 288873395, "TimedDestruction, ZNetView"
"vfx_prespawn_fader", -101341012, "TimedDestruction, ZNetView"
"vfx_ProjectileHit", 1252888223, "ZNetView, TimedDestruction"
"vfx_RockDestroyed", 395694737, "ZNetView, TimedDestruction"
"vfx_RockDestroyed_large", -631382181, "ZNetView, TimedDestruction"
"vfx_RockDestroyed_marble", 145745747, "ZNetView, TimedDestruction"
"vfx_RockDestroyed_Obsidian", -871962805, "ZNetView, TimedDestruction"
"vfx_RockHit", -730764453, "ZNetView, TimedDestruction"
"vfx_RockHit_Marble", 24110301, "ZNetView, TimedDestruction"
"vfx_RockHit_Obsidian", 661975945, "ZNetView, TimedDestruction"
"vfx_SawDust", -1195108480, "ZNetView, TimedDestruction"
"vfx_SawDust_abomination", 1575895354, "ZNetView, TimedDestruction"
"vfx_SawDust_Ashlands", 1449517077, "ZNetView, TimedDestruction"
"vfx_seagull_death", 1241359129, "ZNetView, TimedDestruction"
"vfx_seekerbrute_groundslam", 1951621125, "ZNetView, TimedDestruction"
"vfx_serpent_attack_trigger", 1487320808, "TimedDestruction, ZNetView"
"vfx_serpent_death", -1248245181, "ZNetView, TimedDestruction"
"vfx_serpent_hurt", 1238827358, "ZNetView, TimedDestruction"
"vfx_shieldgenerator_refuel", -529313399, "ZNetView, TimedDestruction, ShieldDomeParticleColor"
"vfx_shieldgenerator_startup", 152397449, "ZNetView, TimedDestruction, ShieldDomeParticleColor"
"vfx_shrub_2_destroyed", -408284028, "ZNetView, TimedDestruction"
"vfx_shrub_2_heath_destroyed", -1172819289, "ZNetView, TimedDestruction"
"vfx_shrub_2_hit", -1619361458, "ZNetView, TimedDestruction"
"vfx_shrub_heath_hit", -355458734, "ZNetView, TimedDestruction"
"vfx_silvermace_hit", -1516628266, "TimedDestruction, ZNetView"
"vfx_skeleton_big_death", 1464964316, "ZNetView, TimedDestruction"
"vfx_skeleton_death", 1966038773, "ZNetView, TimedDestruction"
"vfx_skeleton_fire_death", -197575760, "ZNetView, TimedDestruction"
"vfx_skeleton_hit", 1114691826, "ZNetView, TimedDestruction"
"vfx_skeleton_mace_hit", -916784691, "ZNetView, TimedDestruction"
"vfx_skullpile_destroyed", 1925600612, "ZNetView, TimedDestruction, Gibber"
"vfx_sledge_hit", -849145139, "ZNetView, TimedDestruction"
"vfx_sledge_iron_hit", 1136200682, "ZNetView, TimedDestruction"
"vfx_Slimed", -728978671, "ZNetView, ZSyncTransform"
"vfx_smelter_addfuel", 613386663, "ZNetView, TimedDestruction"
"vfx_smelter_addore", -236669799, "ZNetView, TimedDestruction"
"vfx_smelter_produce", 524856430, "ZNetView, TimedDestruction"
"vfx_Smoked", -1730929208, "ZNetView, ZSyncTransform"
"vfx_spawn", 1617006654, "TimedDestruction, ZNetView"
"vfx_spawn_large", -1665118250, "TimedDestruction, ZNetView"
"vfx_spawn_small", 1628388642, "ZNetView, TimedDestruction"
"vfx_spikey_beam_destruction", -350854349, "Gibber, ZNetView"
"vfx_StaffShield", 1967588846, "ZNetView, ZSyncTransform"
"vfx_StaminaUpgrade", -1295196504, "TimedDestruction, ZNetView"
"vfx_standing_brazier_destroyed", 362897581, "Gibber, ZNetView"
"vfx_stone_floor_2x2_destroyed", -207598898, "ZNetView, TimedDestruction"
"vfx_stone_floor_destroyed", 744571047, "ZNetView, TimedDestruction"
"vfx_stone_stair_destroyed", 884180074, "ZNetView, TimedDestruction"
"vfx_stone_wall_4x2_destroyed", 487704284, "ZNetView, TimedDestruction"
"vfx_stonegolem_attack_hit", -497397627, "ZNetView, TimedDestruction"
"vfx_stonegolem_death", 649138327, "ZNetView, TimedDestruction"
"vfx_stonegolem_hurt", -1321932824, "ZNetView, TimedDestruction"
"vfx_stonegolem_wakeup", -619835584, "ZNetView, TimedDestruction"
"vfx_stubbe", -1129264550, "ZNetView, TimedDestruction"
"vfx_swamp_mist", 1008438155, "ZNetView"
"vfx_swamptree_cut", -907217478, "TimedDestruction, ZNetView"
"vfx_Tared", 1314778849, "ZNetView, ZSyncTransform"
"vfx_torch_hit", 998359095, "ZNetView, TimedDestruction"
"vfx_TrainingDummy_destruction", -1658059644, "ZNetView, TimedDestruction"
"vfx_TrainingDummy_hit", 1837673845, "ZNetView, TimedDestruction"
"vfx_tree_fall_hit", -1850635673, "TimedDestruction, ZNetView"
"vfx_troll_attack_hit", -398437737, "ZNetView, TimedDestruction"
"vfx_troll_death", 1715200685, "ZNetView, TimedDestruction"
"vfx_troll_groundslam", 1279620163, "ZNetView, TimedDestruction"
"vfx_troll_log_hitground", -795702158, "ZNetView, TimedDestruction"
"vfx_troll_rock_destroyed", -1036826514, "ZNetView, TimedDestruction"
"vfx_troll_summoned_death", 1082301488, "ZNetView, TimedDestruction"
"vfx_troll_summoned_prespawn", 2099145546, "ZNetView, TimedDestruction"
"vfx_TrollPheromones", 1438980592, "ZNetView, ZSyncTransform"
"vfx_turnip_grow", 229884025, "TimedDestruction, ZNetView"
"vfx_ulv_death", 1248443675, "ZNetView, TimedDestruction"
"vfx_UndeadBurn", -146689421, "ZNetView, ZSyncTransform"
"vfx_wagon_destroyed", 164468187, "ZNetView, TimedDestruction, Gibber"
"vfx_walltorch_addFuel", 109708603, "ZNetView, TimedDestruction"
"vfx_WaterImpact_Karve", 1612136656, "ZNetView, TimedDestruction, CamShaker"
"vfx_WaterImpact_Raft", -837489954, "ZNetView, TimedDestruction, CamShaker"
"vfx_WaterImpact_VikingShip", 2135074485, "ZNetView, TimedDestruction, CamShaker"
"vfx_Wet", 953948517, "ZNetView, ZSyncTransform"
"vfx_vines_destroyed", 1253313884, "ZNetView, TimedDestruction"
"vfx_WishbonePing", 1002622938, "TimedDestruction, ZNetView"
"vfx_wolf_death", 416803702, "ZNetView, TimedDestruction"
"vfx_wolf_hit", -1748425933, "ZNetView, TimedDestruction"
"vfx_wood_black_stack_destroyed", 1814263877, "Gibber, ZNetView"
"vfx_wood_core_stack_destroyed", -1319659911, "Gibber, ZNetView"
"vfx_wood_fine_stack_destroyed", 511674592, "Gibber, ZNetView"
"vfx_wood_stack_destroyed", -1403761043, "Gibber, ZNetView"
"vfx_wood_yggdrasil_stack_destroyed", 123068292, "Gibber, ZNetView"
"vfx_wraith_death", -1525697551, "ZNetView, TimedDestruction"
"vfx_wraith_hit", -1173641826, "ZNetView, TimedDestruction"
"vfx_yggashoot_cut", 235644861, "TimedDestruction, ZNetView"
"vfx_yggashoot_small1_destroy", -1134401048, "TimedDestruction, ZNetView"
"widestone", -2094909618, "ZNetView, LodFadeInOut, Destructible, StaticPhysics"
"widestone_frac", -1462463015, "MineRock5, ZNetView, LodFadeInOut, StaticPhysics"
"VikingShip", 118230510, "Ship, ZNetView, ZSyncTransform, Piece, WearNTear, ImpactEffect"
"VikingShip_Ashlands", -811948769, "Ship, ZNetView, ZSyncTransform, Piece, WearNTear, ImpactEffect"
"windmill", -984198658, "Piece, ZNetView, Smelter, WearNTear, Windmill, LodFadeInOut"
"VineAsh", -1986582442, "Vine, Pickable, ZNetView, WearNTear"
"VineAsh_sapling", 11675191, "ZNetView, Plant, Destructible, Piece"
"Vineberry ($item_vineberry) (Vineberry Cluster)", -2114162550, "ZNetView, ZSyncTransform, ItemDrop, Piece, WearNTear"
"VineberrySeeds ($item_vineberryseeds) (Vineberry Seeds)", -1914201124, "ZNetView, ZSyncTransform, ItemDrop"
"VineGreen", -568067033, "Vine, ZNetView, WearNTear, Pickable"
"VineGreen_sapling", 1723368422, "ZNetView, Plant, Destructible, Piece"
"VineGreenSeeds ($item_vinegreenseeds) (Ivy Seeds)", -1052907593, "ZNetView, ZSyncTransform, ItemDrop"
"vines", -649881157, "ZNetView, WearNTear"
"Wishbone ($item_wishbone) (Wishbone)", 1219941843, "ZNetView, ZSyncTransform, ItemDrop, Floating"
"Wisp ($item_wisp) (Wisp)", -1146623251, "ZNetView, ZSyncTransform, ItemDrop"
"WitheredBone ($item_witheredbone) (Withered Bone)", 1905991362, "ZNetView, ZSyncTransform, ItemDrop, Floating"
"Wolf", 1010961914, "Humanoid, CharacterDrop, ZNetView, ZSyncTransform, ZSyncAnimation, MonsterAI, FootStep, Tameable, Procreation"
"Wolf_cub", -1969683915, "Humanoid, ZNetView, ZSyncTransform, ZSyncAnimation, FootStep, AnimalAI, Growup"
"Wolf_Ragdoll", -113693526, "ZNetView, Ragdoll"
"WolfClaw ($item_wolfclaw) (Fenris Claw)", 745645583, "ZNetView, ZSyncTransform, ItemDrop"
"WolfFang ($item_wolffang) (Wolf Fang)", -927843224, "ZNetView, ZSyncTransform, ItemDrop"
"WolfHairBundle ($item_wolfhairbundle) (Fenris Hair)", -237951114, "ZNetView, ZSyncTransform, ItemDrop"
"WolfJerky ($item_wolfjerky) (Wolf Jerky)", -1029078359, "ZNetView, ZSyncTransform, ItemDrop, Piece, WearNTear"
"WolfMeat ($item_wolf_meat) (Wolf Meat)", 167698947, "ZNetView, ZSyncTransform, ItemDrop"
"WolfMeatSkewer ($item_wolf_skewer) (Wolf Skewer)", -1653997440, "ZNetView, ZSyncTransform, ItemDrop, Piece, WearNTear"
"WolfPelt ($item_wolfpelt) (Wolf Pelt)", 167698835, "ZNetView, ZSyncTransform, ItemDrop"
"Volture", -405903669, "Humanoid, ZNetView, ZSyncTransform, ZSyncAnimation, MonsterAI, CharacterDrop"
"Volture_ragdoll", -1878523909, "ZNetView, Ragdoll"
"volture_strawpile", -892050217, "ZNetView, Destructible"
"volture_talons (Volture Talons) (Volture Talons)", 1308133983, "ZNetView, ZSyncTransform, ItemDrop"
"VoltureEgg ($item_voltureegg) (Volture Egg)", -1342501874, "ZNetView, ZSyncTransform, ItemDrop"
"VoltureMeat ($item_volture_meat) (Volture Meat)", -340754114, "ZNetView, ZSyncTransform, ItemDrop, Floating"
"Wood ($item_wood) (Wood)", -151837501, "ZNetView, ZSyncTransform, ItemDrop, Floating"
"wood_beam", -1109248277, "Piece, ZNetView, WearNTear"
"wood_beam_1", -155126795, "Piece, ZNetView, WearNTear"
"wood_beam_26", 1332601932, "Piece, ZNetView, WearNTear"
"wood_beam_45", 1735886465, "Piece, ZNetView, WearNTear"
"wood_core_stack", -1421478172, "ZNetView, Piece, WearNTear"
"wood_door", 692106840, "Piece, ZNetView, WearNTear, Door"
"wood_dragon1", 775398114, "Piece, ZNetView, WearNTear"
"wood_fence", -2081117101, "Piece, ZNetView, WearNTear"
"wood_fine_stack", 719595997, "ZNetView, Piece, WearNTear"
"wood_floor", -1045925142, "Piece, ZNetView, WearNTear"
"wood_floor_1x1", -745132593, "Piece, ZNetView, WearNTear"
"wood_gate", 1007930775, "Piece, ZNetView, WearNTear, Door"
"wood_ledge", 364666255, "Piece, ZNetView, WearNTear, Ledge"
"wood_log_26", 581611607, "Piece, ZNetView, WearNTear"
"wood_log_45", -224957444, "Piece, ZNetView, WearNTear"
"wood_pole", 1142703842, "Piece, ZNetView, WearNTear"
"wood_pole_log", -1424233331, "Piece, ZNetView, WearNTear"
"wood_pole_log_4", 1024658248, "Piece, ZNetView, WearNTear"
"wood_pole2", 524618856, "Piece, ZNetView, WearNTear"
"wood_roof", -1626585462, "Piece, ZNetView, WearNTear"
"wood_roof_45", -877641284, "Piece, ZNetView, WearNTear"
"wood_roof_icorner", -1076788695, "Piece, ZNetView, WearNTear"
"wood_roof_icorner_45", 1132532351, "Piece, ZNetView, WearNTear"
"wood_roof_ocorner", -1076581777, "Piece, ZNetView, WearNTear"
"wood_roof_ocorner_45", 1139360637, "Piece, ZNetView, WearNTear"
"wood_roof_top", 2141320638, "Piece, ZNetView, WearNTear"
"wood_roof_top_45", -598122136, "Piece, ZNetView, WearNTear"
"wood_stack", -2139848760, "ZNetView, Piece, WearNTear"
"wood_stair", 945264965, "Piece, ZNetView, WearNTear"
"wood_stepladder", -354552934, "Piece, ZNetView, WearNTear"
"wood_wall_half", -1000346356, "Piece, ZNetView, WearNTear"
"wood_wall_log", -886156835, "Piece, ZNetView, WearNTear"
"wood_wall_log_4x0.5", 214591025, "Piece, ZNetView, WearNTear"
"wood_wall_quarter", 622849921, "Piece, ZNetView, WearNTear"
"wood_wall_roof", 1882996769, "Piece, ZNetView, WearNTear"
"wood_wall_roof_45", -1218250357, "Piece, ZNetView, WearNTear"
"wood_wall_roof_45_upsidedown", 618430194, "Piece, ZNetView, WearNTear"
"wood_wall_roof_top", 437925541, "Piece, ZNetView, WearNTear"
"wood_wall_roof_top_45", -1199392921, "Piece, ZNetView, WearNTear"
"wood_wall_roof_upsidedown", 1974160938, "Piece, ZNetView, WearNTear"
"wood_window", -1138351504, "Piece, ZNetView, WearNTear, Door"
"wood_yggdrasil_stack", 1779884373, "ZNetView, Piece, WearNTear"
"woodiron_beam", -1499117535, "Piece, ZNetView, WearNTear"
"woodiron_beam_26", -1403331882, "Piece, ZNetView, WearNTear"
"woodiron_beam_45", -1000047361, "Piece, ZNetView, WearNTear"
"woodiron_pole", -2023619468, "Piece, ZNetView, WearNTear"
"woodwall", -523056075, "Piece, ZNetView, WearNTear"
"Wraith", 68955605, "Humanoid, ZNetView, ZSyncTransform, ZSyncAnimation, MonsterAI, CharacterDrop"
"wraith_melee (Wraith melee) (Wraith melee)", -1764301166, "ZNetView, ZSyncTransform, ItemDrop"
"vx_ashland_pot1_green_destruction", 1809742402, "ZNetView, Gibber"
"vx_ashland_pot1_red_destruction", -1021517482, "ZNetView, Gibber"
"vx_ashland_pot2_green_destruction", -1362507165, "ZNetView, Gibber"
"vx_ashland_pot2_red_destruction", 357124755, "ZNetView, Gibber"
"vx_ashland_pot3_green_destruction", -1917548156, "ZNetView, Gibber"
"vx_ashland_pot3_red_destruction", 1183666772, "ZNetView, Gibber"
"YagluthDrop ($item_yagluththing) (Torn Spirit)", -609016745, "ZNetView, ZSyncTransform, ItemDrop, Floating"
"yggashoot_log ($prop_treelog) (Log)", -1521034916, "ZNetView, ZSyncTransform, TreeLog, ImpactEffect, Floating, LodFadeInOut, HoverText"
"yggashoot_log_half ($prop_treelog) (Log)", 354363928, "ZNetView, ZSyncTransform, ImpactEffect, Floating, TreeLog, LodFadeInOut, HoverText"
"YggaShoot_small1 ($prop_yggashoot) (Yggdrasil Shoot)", -62980316, "ZNetView, Destructible, LodFadeInOut, StaticPhysics, HoverText, DropOnDestroyed"
"YggaShoot1 ($prop_yggashoot) (Yggdrasil Shoot)", 2026655068, "TreeBase, ZNetView, LodFadeInOut, StaticPhysics, HoverText"
"YggaShoot2 ($prop_yggashoot) (Yggdrasil Shoot)", -702228287, "TreeBase, ZNetView, LodFadeInOut, StaticPhysics, HoverText"
"YggaShoot3 ($prop_yggashoot) (Yggdrasil Shoot)", 863855654, "TreeBase, ZNetView, LodFadeInOut, StaticPhysics, HoverText"
"YggdrasilPorridge ($item_yggdrasilporridge) (Yggdrasil Porridge)", -1850988268, "ZNetView, ZSyncTransform, ItemDrop, Piece, WearNTear"
"YggdrasilRoot", 2069500716, "ZNetView, LodFadeInOut, ResourceRoot"
"YggdrasilWood ($item_yggdrasilwood) (Yggdrasil Wood)", 1007457867, "ZNetView, ZSyncTransform, ItemDrop, Floating"
"YmirRemains ($item_ymirremains) (Ymir Flesh)", 176995072, "ZNetView, ZSyncTransform, ItemDrop"
